Modulus Ec (MPa),w/b Ratio,Fly Ash (%),GGBS (%),Recycled Agg. (%),Steel Grade,Yield Strength fy (MPa),Shear Connector Type,Stud Dia. ds (mm),Span L (mm),Beam Depth h (mm),Width of the Bean (in mm),Concrete GWP (kg CO2e/m3),Target: Capacity Pu (kN),Target: Deflection δ (mm),Target: Shear Qu (kN),Compressive Strength fc' (MPa)
30921,0.47,15.5,38.8,38.2,S355,355,Headed Stud,19,1676.4,93.88,111,132,5037.5,8.26,141,31.1
36263,0.39,13.8,5.8,45.4,S355,355,Headed Stud,22,1987.296,112.17,156,276,10809.6,9.45,265.9,52.9
38539,0.41,20.4,21.6,55,S460,460,Headed Stud,19,2005.584,106.07,177,178.2,14676.5,9.45,225.3,64.8
41554,0.5,20.1,5,6,S355,355,Headed Stud,19,1688.592,96.93,105,204.8,9854,7.96,268.6,83.3
41115,0.33,36.2,3.1,19.7,S460,460,Headed Stud,16,1597.152,101.8,178,259.9,16690.9,7.1,183.7,80.4
39743,0.33,43.6,9.4,42,S275,275,Headed Stud,19,1353.312,80.77,137,199.2,11607.2,6.58,237.4,71.8
39660,0.36,37.6,18.4,5.4,S355,355,Headed Stud,16,1246.632,76.5,158,162.8,13585,6.34,173.8,71.3
38413,0.34,6.4,16.9,44.5,S355,355,Headed Stud,19,1453.896,80.47,151,295.2,11575.1,6.55,222,64.1
34243,0.51,10.3,2,7.4,S460,460,Headed Stud,19,1359.408,74.98,155,213.5,9194.1,6.22,176.2,43.7
33421,0.42,14,22.6,47.5,S355,355,Perfobond Ribbon,20,1639.824,94.79,109,198.7,5845.1,7.77,183.9,40.3
38013,0.41,6.1,10.1,81,S355,355,Angle Connector,20,1341.12,66.45,191,271,14553.2,6.43,241.7,61.9
35066,0.35,11.4,43,55.1,S355,355,Headed Stud,19,1200.912,63.4,127,186.3,8072.5,5.46,184.2,47.3
36467,0.34,32.7,18,7.1,S355,355,Perfobond Ribbon,20,1588.008,101.5,179,190.5,11874.5,7.19,217.8,53.9
38031,0.48,26,25.2,36.6,S460,460,Perfobond Ribbon,20,1584.96,83.82,125,144.8,9900.9,7.65,233.3,62
30558,0.33,31.2,19.4,90.1,S355,355,Angle Connector,20,1487.424,84.43,121,178.8,5287.8,6.71,155.2,29.9
33346,0.39,10.9,23.6,66.9,S460,460,Headed Stud,19,1304.544,74.68,184,213.8,9216.2,6.52,164.4,40
31245,0.32,44.8,26.5,16.6,S690,690,Headed Stud,22,1627.632,102.41,192,121.4,8337.8,7.92,185.6,32.2
32759,0.4,13,49.5,30.7,S355,355,Headed Stud,16,1405.128,81.69,158,149.7,7793.4,6.92,109.8,37.7
41038,0.4,0.7,24,78,S355,355,Headed Stud,19,1837.944,96.01,137,236.7,11836.2,8.5,256.3,79.9
38839,0.55,39.8,27.4,89.8,S460,460,Headed Stud,16,1429.512,77.72,131,81.5,11165.9,7.13,160.7,66.5
35352,0.31,27.9,5.8,55.4,S460,460,Headed Stud,19,1377.696,77.42,101,256.8,7441.8,6.31,182.8,48.6
40680,0.38,4.5,32.9,35.8,S355,355,Headed Stud,22,1158.24,60.96,186,202.2,16202.2,5.88,338.6,77.6
32706,0.33,37.5,2.3,13.6,S460,460,Headed Stud,19,1502.664,78.33,162,249.8,8364,7.32,159.6,37.5
38681,0.37,9,39.4,71.6,S355,355,Perfobond Ribbon,20,1325.88,71.93,168,179.5,13932.1,6.77,243.3,65.6
39726,0.31,17.2,42.1,75,S355,355,Headed Stud,19,1511.808,76.2,177,178.5,15779.3,6.46,232.2,71.7
35066,0.53,13.4,29.6,60,S355,355,Headed Stud,19,1773.936,97.84,137,139.5,8440,8.41,184.4,47.3
34568,0.34,40.1,44.9,7.2,S355,355,Perfobond Ribbon,20,1551.432,99.36,182,73.9,9581.6,7.38,199,45.1
34842,0.48,39.7,29.5,74.3,S460,460,Headed Stud,19,1633.728,82.6,197,86.6,9806.1,7.68,181.8,46.3
35396,0.48,22.1,15.3,54.7,S355,355,Headed Stud,22,1277.112,73.46,100,173.1,7531.6,6.37,257.9,48.8
31418,0.49,34.9,33,70.7,S275,275,Headed Stud,16,1624.584,93.57,181,73.7,7969.6,7.96,101.3,32.8
36221,0.36,15.9,9.7,45.5,S355,355,Headed Stud,19,1554.48,81.08,108,275.2,8292.5,7.25,200,52.7
41222,0.33,30.5,36,39.7,S355,355,Headed Stud,16,1423.416,81.08,110,135.8,9883.1,6.4,183.9,81.1
38031,0.48,27.5,37.9,77.1,S275,275,Headed Stud,19,1615.44,88.09,164,102.8,12863.5,7.74,219.6,62
38926,0.29,32.1,10.3,96.7,S460,460,Headed Stud,19,1453.896,89.31,164,265.1,13829.4,6.86,226.3,67
34976,0.5,6.8,44,23.9,S275,275,Headed Stud,19,1420.368,83.52,177,125.8,9857.1,6.77,185.8,46.9
41807,0.36,16.7,33.9,91.8,S690,690,Headed Stud,22,1645.92,81.08,174,186.6,18563.8,7.96,362.2,85
39793,0.39,40.1,7.2,19.4,S355,355,Headed Stud,19,1603.248,89.61,154,193.1,12248.1,7.07,235.6,72.1
37316,0.43,41.8,34.2,36.4,S460,460,Headed Stud,16,1514.856,83.82,106,71.7,9447.1,8.02,148.3,58.2
35417,0.53,20.9,10.6,20.3,S460,460,Headed Stud,16,1466.088,79.86,118,179,8051.3,7.04,134.5,48.9
36507,0.42,33.2,5.5,10,S460,460,Perfobond Ribbon,20,1167.384,60.35,156,188.3,10839.9,5.79,221.7,54.1
36507,0.48,35.6,10.2,14.7,S690,690,Headed Stud,16,1764.792,104.24,119,165.5,8905.7,8.96,140.5,54.1
41419,0.49,18.5,46.2,85.4,S355,355,Headed Stud,19,1097.28,58.52,101,92,10065.3,5.76,262.5,82.4
41554,0.43,25.1,35.7,8.5,S355,355,Headed Stud,19,1222.248,70.71,148,124.1,12270.7,5.88,267.3,83.3
40088,0.46,29.5,3.9,24.9,S355,355,Headed Stud,19,1371.6,85.04,145,189.6,12034.8,6.61,237,73.9
40821,0.4,2.2,28.8,47.3,S355,355,Headed Stud,16,1200.912,64.62,181,225.7,16157.9,5.55,178.7,78.5
41237,0.38,21.5,14.2,87.9,S355,355,Headed Stud,19,1996.44,117.04,197,223.3,16832.1,9.45,258.1,81.2
40821,0.41,40.2,13,38.2,S460,460,Headed Stud,19,1770.888,107.29,178,167.3,15967.8,8.6,250.8,78.5
29571,0.4,4.9,32,18.2,S690,690,Angle Connector,20,1923.288,119.79,154,198.9,6821.3,9.3,141.3,26.8
37489,0.4,1.6,16.9,93.1,S275,275,Perfobond Ribbon,20,1603.248,84.73,198,269.5,13511.8,7.28,235.4,59.1
37753,0.46,32.4,39.6,88.4,S355,355,Headed Stud,19,1121.664,60.35,103,71.9,9557.2,5.46,216.5,60.5
30680,0.42,15.6,48.1,46.3,S275,275,Headed Stud,16,1600.2,86.87,106,113,4721.3,7.47,94.7,30.3
38431,0.28,3.3,38.3,31.9,S355,355,Headed Stud,19,1594.104,86.87,100,265.5,9189.7,7.44,222.9,64.2
37045,0.41,37.2,46.3,70,S275,275,Headed Stud,19,2093.976,112.78,107,40.8,8995.3,9.54,207.8,56.8
38909,0.43,34.3,34.5,71.7,S275,275,Headed Stud,19,1725.168,102.41,136,80.1,11183.5,8.56,227.3,66.9
36507,0.47,43.7,14.8,66.2,S355,355,Headed Stud,19,1877.568,110.34,122,115,9210.1,9.39,196.8,54.1
38377,0.51,14.3,44.4,69.2,S355,355,Headed Stud,16,1648.968,86.87,146,103.9,11411.5,8.53,154.7,63.9
39458,0.28,10.3,31.3,13,S460,460,Perfobond Ribbon,20,1447.8,84.73,124,263.2,11165.1,6.71,262.8,70.1
34429,0.55,15.3,37.6,18.9,S355,355,Headed Stud,19,1274.064,71.02,146,123.8,8727.4,6.19,180.7,44.5
39100,0.32,16.2,35.3,39.2,S355,355,Headed Stud,22,1609.344,84.73,115,210.6,9834.4,7.74,308.9,68
29994,0.37,24.3,23.7,76.7,S355,355,Headed Stud,19,1965.96,111.25,168,168.8,7314.1,10.52,132.2,28.1
36729,0.36,32,24.3,95.4,S460,460,Headed Stud,19,1716.024,101.19,164,141.7,12071.8,7.86,209.9,55.2
39220,0.31,18.8,27.2,37.2,S355,355,Headed Stud,16,1670.304,94.18,157,216.9,13025.8,8.26,163.3,68.7
39117,0.4,19.6,24.1,28.7,S355,355,Headed Stud,22,1667.256,92.96,163,198.3,13420.2,7.71,307.7,68.1
30026,0.36,14.2,39.9,27.3,S460,460,Headed Stud,19,1063.752,60.96,171,163.8,7425.6,5.27,131.8,28.2
34522,0.39,19.5,3.5,15.8,S355,355,Headed Stud,19,1588.008,96.32,166,256.6,9381,7.68,177.7,44.9
30404,0.34,32.9,34.3,29.9,S460,460,Headed Stud,19,1642.872,96.93,124,129.7,5534.6,7.92,132.1,29.4
41130,0.32,28.3,47.2,62.4,S460,460,Headed Stud,16,1542.288,92.66,179,102,16336.6,7.53,187.3,80.5
39374,0.55,26.5,33.8,36.7,S460,460,Headed Stud,16,1694.688,87.78,152,89.7,11827.8,8.5,172.1,69.6
39271,0.42,1.1,48,87.2,S460,460,Angle Connector,20,1103.376,65.53,183,147.3,15100.1,5.39,259.7,69
41629,0.33,20.8,20.3,37.9,S275,275,Headed Stud,16,1679.448,90.22,178,242.7,17592.6,9.36,185.1,83.8
41053,0.46,1,24.9,76,S355,355,Headed Stud,19,1697.736,87.78,102,200.4,9669.9,8.47,256.8,80
40314,0.39,24.2,24,34.8,S460,460,Headed Stud,19,1722.12,97.84,104,175.7,9631.2,8.53,244.2,75.3
34796,0.3,37,6.5,7.8,S690,690,Headed Stud,19,1289.304,72.85,185,222,9715,6.07,184.4,46.1
36608,0.51,43.3,37.2,74.4,S460,460,Headed Stud,16,1548.384,74.37,144,62.6,10945.3,6.86,145.9,54.6
29962,0.35,0.2,37.7,4.6,S355,355,Headed Stud,19,1734.312,107.9,183,250.4,7693.8,8.17,129.4,28
39542,0.33,16.8,19.3,64.8,S275,275,Headed Stud,22,1856.232,102.72,101,236.4,9226.6,8.5,313.2,70.6
36907,0.47,0.1,45.8,69.6,S355,355,Headed Stud,19,1304.544,69.19,120,141.2,9542.6,6.07,203.5,56.1
36709,0.43,22.8,40.2,68.1,S690,690,Headed Stud,19,1591.056,88.09,166,103,12081,7.44,205.1,55.1
41792,0.48,30.8,11.9,58.7,S275,275,Headed Stud,19,1716.024,110.34,200,144.6,18006.9,8.29,261.7,84.9
36986,0.53,33.1,35.7,96.8,S275,275,Headed Stud,16,1322.832,69.49,191,67.1,12273.1,6.13,146,56.5
41539,0.28,1.6,16.6,30.3,S275,275,Headed Stud,22,1490.472,80.16,149,351.1,12288.1,7.41,351.7,83.2
30921,0.37,6.8,33,89.2,S355,355,Headed Stud,19,1158.24,65.84,147,196.9,6581.7,5.46,138.8,31.1
40427,0.43,35,23.8,94.1,S275,275,Headed Stud,16,1325.88,65.84,142,131,11929.5,6.46,175.3,76
30741,0.54,19.8,39.6,54.6,S355,355,Headed Stud,16,1139.952,59.74,197,105.3,8106.1,5.94,97.4,30.5
40585,0.51,10.4,34.5,99,S355,355,Headed Stud,16,1837.944,113.69,178,119.8,16027.4,8.66,182.5,77
37621,0.36,31,13.7,30.4,S355,355,Perfobond Ribbon,20,1911.096,111.56,136,214.2,10570.8,9.36,234.2,59.8
30741,0.38,34.2,3.5,61.4,S355,355,Perfobond Ribbon,20,1758.696,104.24,110,212.8,5008.1,8.41,158.2,30.5
31954,0.32,31.5,13.2,15,S690,690,Angle Connector,20,1213.104,68.58,167,242.4,7840.6,5.52,163.1,34.7
36588,0.39,15.7,27.3,85.8,S355,355,Headed Stud,22,2020.824,124.05,122,184.6,9227,9.51,275.2,54.5
39441,0.4,33.8,47,77.5,S355,355,Headed Stud,16,1563.624,79.25,154,82.2,11987.4,7.07,170.1,70
35930,0.39,27.3,1.3,78.3,S275,275,Headed Stud,16,1877.568,104.24,185,228.2,11333,8.66,135.2,51.3
40585,0.53,23.5,2.5,89.2,S275,275,Headed Stud,19,1664.208,91.14,180,161.3,16320.2,7.8,252.1,77
39610,0.53,33.2,4.2,59.7,S460,460,Headed Stud,16,1545.336,88.09,131,162.4,11534.4,7.47,170.4,71
34290,0.37,36.4,14.7,28.8,S690,690,Headed Stud,22,1725.168,86.56,147,183.5,9006.1,7.86,232.6,43.9
41614,0.33,28.5,46.3,38.1,S355,355,Headed Stud,22,929.64,52.12,129,94.4,11626.4,4.57,357.6,83.7
37374,0.36,16.1,25.1,71.3,S275,275,Headed Stud,19,1609.344,93.27,171,208.3,13100,7.65,212.4,58.5
37084,0.41,24.8,28.5,72.4,S355,355,Perfobond Ribbon,20,1374.648,79.55,134,145.6,10341.4,6.83,226.9,57
38467,0.55,2.8,11.5,20,S355,355,Headed Stud,19,1633.728,95.1,118,198,9714.7,8.14,228.2,64.4
37920,0.43,5.4,20.3,25.9,S275,275,Headed Stud,16,1618.488,85.34,159,222.5,12556.3,7.99,151.2,61.4
34660,0.4,27.4,26.2,45.5,S460,460,Headed Stud,16,1271.016,73.46,112,164,6977.5,6.28,124.8,45.5
34728,0.41,13.3,34.6,96,S460,460,Headed Stud,16,1709.928,95.1,119,173.8,7129.9,8.26,122.5,45.8
33220,0.45,21.8,25.8,96.8,S275,275,Perfobond Ribbon,20,1914.144,110.64,180,152.9,9152.6,9.39,179.5,39.5
34429,0.32,42.4,41,26.3,S355,355,Headed Stud,19,1463.04,82.6,128,64.2,7767.8,7.35,177.1,44.5
39974,0.51,29.1,45.1,58.7,S355,355,Headed Stud,16,1776.984,93.57,188,65,15655.5,8.99,174.1,73.2
29670,0.33,15.3,16.1,93.2,S355,355,Perfobond Ribbon,20,1530.096,81.38,118,251.9,5216.7,7.25,141.9,27.1
37846,0.34,22.7,6.3,30.1,S460,460,Angle Connector,20,1621.536,90.83,134,275.3,10663.6,7.8,233.6,61
36056,0.44,17.9,32,83.8,S275,275,Perfobond Ribbon,20,1706.88,100.28,184,159.4,11283.9,8.9,216.8,51.9
39610,0.28,14.5,39.8,37.1,S355,355,Perfobond Ribbon,20,1216.152,73.46,146,191,11986,6.13,265.9,71
33093,0.54,31.1,4.8,26.1,S460,460,Headed Stud,19,1764.792,94.18,108,163.6,5698.3,8.69,159.6,39
39013,0.32,28.2,38.5,97.9,S355,355,Angle Connector,20,1520.952,89.92,145,149.9,11744.6,7.32,248.6,67.5
40427,0.53,31.8,16.2,50.1,S275,275,Headed Stud,19,1316.736,68.58,188,137.6,15822,6.28,244.9,76
41584,0.39,20.5,27.4,31,S460,460,Headed Stud,19,1271.016,72.24,128,195.9,11541,6.22,264,83.5
38178,0.33,39.8,19.3,28.4,S275,275,Headed Stud,22,1353.312,79.55,107,171.2,8934.6,6.55,290.6,62.8
38857,0.46,8.9,31.9,49.2,S460,460,Perfobond Ribbon,20,1597.152,91.74,107,173.3,9452.8,7.53,252,66.6
29133,0.43,10.4,21.3,48.1,S355,355,Headed Stud,19,1594.104,98.15,150,211.9,6468.6,7.19,121.6,25.5
32254,0.41,40.2,21.1,17.5,S275,275,Headed Stud,19,1304.544,73.46,105,115,5386,6.34,147.5,35.8
36828,0.53,7.8,23.4,16.2,S355,355,Headed Stud,19,1975.104,103.94,154,162.3,11154.9,9.42,202.3,55.7
41207,0.28,38.4,8,46.9,S275,275,Angle Connector,20,1517.904,90.22,138,258,12032.8,7.28,291.8,81
39892,0.47,3,45.1,96.4,S460,460,Headed Stud,19,1435.608,78.03,139,142.2,11632.3,6.64,242.2,72.7
37162,0.37,2.7,42.7,55.5,S460,460,Perfobond Ribbon,20,1682.496,84.73,168,193.1,12440.9,8.05,231.6,57.4
31361,0.46,19.1,12.3,89.2,S275,275,Headed Stud,19,1645.92,87.48,145,187.4,6461.5,7.77,141.9,32.6
37508,0.34,33,41.9,73.8,S355,355,Headed Stud,16,1591.056,88.39,135,90.3,10415,7.68,151,59.2
30861,0.54,3.9,28.9,86.8,S355,355,Headed Stud,19,1289.304,71.63,147,146.8,6661.1,6.31,140.1,30.9
37181,0.51,42.9,12.2,53.5,S690,690,Headed Stud,19,1965.96,102.72,115,114.1,9632.5,10.27,210.3,57.5
32335,0.45,26,27.8,33.5,S355,355,Headed Stud,16,1289.304,67.67,162,151.6,7797,6.25,108.6,36.1
41237,0.47,40.1,11.8,30.3,S355,355,Headed Stud,19,1277.112,75.29,175,135.3,16299.7,5.97,261.4,81.2
32991,0.41,18.8,25.6,58.2,S275,275,Headed Stud,16,1362.456,79.86,181,193.9,8919.1,6.58,109.9,38.6
37316,0.46,18.1,3.2,8.3,S460,460,Perfobond Ribbon,20,1627.632,80.47,121,226.5,9726.5,8.11,234.3,58.2
40649,0.28,18.9,4.8,28.7,S460,460,Headed Stud,19,1347.216,79.55,167,342.6,14914.9,6.61,249.2,77.4
38269,0.52,37.7,16.1,78.4,S690,690,Headed Stud,16,1121.664,55.47,118,104,9974.8,5.64,156.9,63.3
38874,0.45,24.9,28.2,76.7,S690,690,Angle Connector,20,1380.744,86.56,195,124.4,14973.2,7.01,251.4,66.7
39492,0.45,24.8,35.6,79,S355,355,Perfobond Ribbon,20,1490.472,76.5,122,115.6,10889.6,6.68,266.2,70.3
40680,0.46,25,18.1,3.7,S460,460,Headed Stud,19,1341.12,74.37,200,174.1,16211.5,6.46,244.2,77.6
37259,0.38,19.8,45.8,34,S355,355,Headed Stud,16,1386.84,74.07,150,129.6,11025.9,6.37,146,57.9
40153,0.29,5.5,32.7,17.2,S460,460,Headed Stud,16,1481.328,81.69,157,270.6,13342.1,7.25,174.1,74.3
38839,0.47,32.2,44.2,3.3,S690,690,Headed Stud,19,1740.408,104.55,106,82.1,9638.2,7.83,222.4,66.5
33837,0.29,4.3,28,73.4,S355,355,Headed Stud,16,1914.144,103.94,115,279.4,6152.2,8.9,120.7,42
32335,0.4,8.1,8.6,68.8,S355,355,Perfobond Ribbon,20,1996.44,110.03,137,270.1,6441.5,10.06,164.9,36.1
40883,0.34,33.3,13.2,22.5,S355,355,Headed Stud,19,1545.336,75.59,134,189.3,11842.8,7.96,248.2,78.9
41344,0.29,43.6,38,83.2,S355,355,Headed Stud,19,1447.8,75.59,154,52.4,12443,7.13,257.8,81.9
30831,0.53,38,44.2,13.3,S355,355,Headed Stud,19,1941.576,115.21,188,52.7,7766.7,9.6,139.2,30.8
31361,0.41,14.8,24.6,3.8,S460,460,Headed Stud,19,1847.088,116.13,187,199.6,8010.5,8.44,141.2,32.6
29865,0.49,9.9,37.1,39,S355,355,Headed Stud,16,1441.704,76.5,126,160.7,5396.1,7.35,90.6,27.7
39031,0.46,42.9,21.3,77.6,S355,355,Headed Stud,16,1545.336,77.42,156,112.3,12025.9,6.98,161.7,67.6
37957,0.31,5.6,18.2,3.1,S355,355,Headed Stud,22,1005.84,56.08,103,308.6,9211.4,4.91,291.9,61.6
33119,0.51,4.4,3.2,63.2,S275,275,Headed Stud,19,1514.856,97.54,160,227.3,8476.2,7.25,159,39.1
38574,0.37,38.6,27.6,32.3,S355,355,Headed Stud,22,1127.76,60.05,196,108.3,14708.7,5.49,296.4,65
37976,0.38,3.8,24.4,78.1,S355,355,Headed Stud,16,1237.488,71.32,161,255.9,12990.3,5.67,154.9,61.7
30373,0.47,19.7,46.7,52.6,S355,355,Headed Stud,19,1505.712,78.64,142,105.6,6440.4,6.92,133.4,29.3
40585,0.48,16.1,49.5,52.7,S355,355,Headed Stud,16,1676.4,96.62,172,107.5,15705.2,7.77,176.7,77
37939,0.32,20.1,27.1,78.8,S275,275,Headed Stud,22,1490.472,89,157,193.7,12425.8,6.98,284.1,61.5
35761,0.45,17.2,6.6,87.7,S275,275,Headed Stud,19,1158.24,57,123,215.6,8939,5.58,189.4,50.5
41115,0.4,33.3,43.3,48.3,S355,355,Headed Stud,19,1310.64,71.93,157,68.7,13432.4,6.25,254.7,80.4
40554,0.47,21.9,38.6,68.8,S460,460,Headed Stud,19,1456.944,77.72,111,110.9,9879.9,7.22,246.4,76.8
34006,0.32,22.9,38.6,20.5,S460,460,Headed Stud,19,1362.456,78.64,171,148.6,9379.1,6.46,174.4,42.7
35654,0.53,9.5,16.7,9.6,S275,275,Headed Stud,19,1060.704,53.95,183,192.9,11040.2,5.43,188.7,50
37902,0.46,34.1,16.1,1.1,S275,275,Headed Stud,22,1447.8,77.42,166,161.3,12947.2,7.04,288.8,61.3
40774,0.33,8.3,38.3,13.1,S355,355,Headed Stud,16,1865.376,104.55,131,203.2,11872.4,8.6,183.7,78.2
35590,0.28,39.5,4.3,13.9,S355,355,Headed Stud,19,1033.272,56.69,189,267.7,12069.1,4.82,188.4,49.7
35417,0.54,9.4,44.7,22.1,S275,275,Headed Stud,22,1091.184,63.4,127,116.4,8703.3,5,255.1,48.9
33716,0.39,43.1,6.8,39,S355,355,Headed Stud,19,2039.112,106.98,163,167.2,9182.2,9.78,162.5,41.5
35461,0.42,13,3.4,92,S355,355,Headed Stud,19,1975.104,109.12,146,259.5,10024.8,9.14,190.5,49.1
33789,0.35,37.9,45.8,25.6,S275,275,Headed Stud,16,1987.296,106.68,151,88.1,8719.2,9.11,119.4,41.8
29030,0.51,21.3,34.8,77.7,S355,355,Angle Connector,20,1466.088,86.56,130,122.1,5400,6.64,135.6,25.2
38068,0.48,28.6,29.8,32.7,S355,355,Angle Connector,20,1807.464,89,115,134.7,9611.6,8.17,239.7,62.2
36628,0.47,26.2,5.1,44.2,S460,460,Perfobond Ribbon,20,1694.688,98.45,125,201.7,9535.3,7.96,220.9,54.7
36180,0.51,34.3,42.6,87.4,S275,275,Headed Stud,16,1344.168,79.25,118,70.6,8716.9,6.46,134.8,52.5
37508,0.45,18.1,44.9,27.9,S275,275,Angle Connector,20,1271.016,69.49,184,132.1,13142,6.1,234.5,59.2
34909,0.39,1.8,11,74.5,S355,355,Headed Stud,19,1450.848,85.65,113,278,6889.6,6.8,182.4,46.6
41539,0.5,15.4,12.6,27.4,S275,275,Headed Stud,19,1755.648,94.49,125,179.3,11273,8.08,263.4,83.2
41674,0.31,26.7,38.4,16.2,S355,355,Headed Stud,19,1554.48,82.3,126,134.1,11592,6.95,266.8,84.1
41614,0.44,30,11.9,64.7,S690,690,Headed Stud,16,1688.592,98.15,150,152.6,12506.5,8.29,184.3,83.7
35740,0.31,37.5,36,91.6,S275,275,Headed Stud,16,1292.352,81.69,144,92.9,10526.4,5.79,134.9,50.4
35330,0.36,31.9,30.8,97.6,S355,355,Headed Stud,16,1539.24,84.12,129,140,8274.2,7.1,131.3,48.5
34053,0.5,5.6,31.8,10.7,S460,460,Perfobond Ribbon,20,1719.072,107.29,122,166.6,6790.4,8.23,193.2,42.9
34887,0.37,24.8,48.6,4.4,S355,355,Headed Stud,19,1155.192,67.06,119,86.2,7327.5,5.55,179.6,46.5
33740,0.39,32.5,43.4,3.4,S275,275,Headed Stud,19,1261.872,71.93,155,75.2,8719.8,6.31,168.5,41.6
38503,0.46,16.2,17,23.8,S460,460,Headed Stud,19,1347.216,71.02,148,199.5,11609.3,6.16,225.7,64.6
39660,0.28,2.6,6.2,89.5,S275,275,Angle Connector,20,1685.544,85.34,178,427.3,16119.8,7.25,267.4,71.3
35220,0.45,16.5,4.8,38.9,S460,460,Headed Stud,16,1280.16,68.58,107,236.1,6900.4,6.1,132.1,48
37470,0.33,39.5,34.5,63.6,S460,460,Headed Stud,16,1636.776,94.79,181,111.9,13396.5,7.89,149.3,59
29865,0.35,22.2,8.4,5.3,S355,355,Headed Stud,16,1475.232,75.9,145,266.2,6283.5,7.16,89.6,27.7
28995,0.49,22.6,17.3,83.7,S275,275,Headed Stud,19,1627.632,92.96,170,161.3,7150.5,7.65,121.3,25.1
36669,0.48,38.3,23.5,81.8,S355,355,Headed Stud,22,1392.936,75.29,110,106.4,9007.7,6.58,277.6,54.9
32036,0.29,44.2,33.4,60.5,S355,355,Headed Stud,16,1612.392,78.64,109,97.3,5084.8,8.02,105.4,35
37920,0.51,30.8,32.5,89,S355,355,Perfobond Ribbon,20,1423.416,73.15,173,100.1,13668.7,6.71,242.4,61.4
35803,0.39,8.7,24.6,60.9,S275,275,Headed Stud,19,1216.152,77.11,185,206.9,11071.4,5.76,189.8,50.7
37678,0.4,23.5,39.2,26.4,S460,460,Headed Stud,19,1530.096,76.5,161,134.3,12611.7,7.44,215.8,60.1
33982,0.35,40.2,35.5,5.7,S355,355,Headed Stud,16,1456.944,76.81,161,83.7,9358.3,6.34,117.1,42.6
41434,0.4,20.1,24.3,13.5,S275,275,Headed Stud,19,1597.152,84.43,122,186.3,10669.6,7.19,259.8,82.5
31040,0.34,7.3,7.3,19.1,S355,355,Headed Stud,22,1871.472,101.8,137,307.8,5877.3,8.84,185.4,31.5
39492,0.3,15.9,14.3,18.7,S460,460,Headed Stud,19,1716.024,82.91,155,325.2,12501.9,8.29,234.1,70.3
30153,0.49,10.5,2.5,45.7,S460,460,Headed Stud,22,1600.2,91.74,128,214,5620.6,7.41,173.1,28.6
30342,0.47,24.9,27.1,83.8,S355,355,Headed Stud,16,1776.984,104.55,161,144.5,6768,8.56,93.7,29.2
39509,0.29,3.5,48.9,80.5,S460,460,Headed Stud,22,1377.696,74.07,185,230,16055.9,6.71,322.2,70.4
40314,0.36,33.1,38.6,14.6,S355,355,Headed Stud,16,1840.992,105.77,164,113.8,13920.8,8.75,172.6,75.3
30185,0.52,3.2,9.8,74.1,S460,460,Perfobond Ribbon,20,1225.296,70.1,154,219.2,6889.1,5.97,140.1,28.7
39357,0.51,18.7,26.6,18,S275,275,Headed Stud,19,1755.648,103.94,165,154,13521.1,8.72,234.1,69.5
33321,0.44,15.2,39.6,29.6,S355,355,Headed Stud,19,1938.528,104.85,112,139.6,5636.8,10.03,165,39.9
35612,0.35,39,11.1,8.4,S355,355,Headed Stud,19,1289.304,78.03,192,192.3,11599.3,5.73,187.7,49.8
33934,0.48,39.7,5.1,69.3,S355,355,Perfobond Ribbon,20,1981.2,105.46,156,135.1,8991.2,9.48,189.2,42.4
39203,0.5,27.1,32.3,79.4,S355,355,Headed Stud,19,1609.344,96.62,132,106.1,11257.1,8.5,229.7,68.6
35286,0.38,4.1,2.6,88.5,S460,460,Headed Stud,19,1563.624,86.26,113,309.1,6934.1,7.74,188.4,48.3
34360,0.35,36,48.9,84.5,S275,275,Headed Stud,22,1670.304,91.44,154,53.6,8701.3,7.74,232.3,44.2
31447,0.43,27.3,0.1,90.9,S355,355,Headed Stud,19,1667.256,82.3,176,195,7693.4,8.44,144.1,32.9
38503,0.54,37.8,22.7,27.2,S460,460,Headed Stud,19,2008.632,115.52,147,89.5,11381.8,9.24,229.5,64.6
36628,0.42,32.7,0.6,81,S275,275,Headed Stud,16,1484.376,82.3,103,188.5,8322,7.44,142.3,54.7
39676,0.37,27.9,7.6,9.3,S355,355,Headed Stud,19,1008.888,50.9,147,249,12149,4.82,233.3,71.4
38628,0.46,26.8,2.3,73.6,S275,275,Perfobond Ribbon,20,1392.936,82.91,135,204.8,10724,6.22,249.3,65.3
30921,0.51,15,23.9,12.8,S690,690,Headed Stud,19,1773.936,98.15,135,170.3,6045.8,8.05,143,31.1
41161,0.31,36.4,28.5,69.8,S460,460,Headed Stud,16,1127.76,64.01,146,145.6,12308.2,5.79,185.5,80.7
39134,0.51,11.6,46.7,64.9,S355,355,Headed Stud,19,1444.752,89.31,183,99.9,14717.5,6.86,227.9,68.2
29269,0.35,16.9,32.2,83.8,S460,460,Angle Connector,20,1441.704,97.54,175,179.3,7920.3,6.92,137.3,25.9
31361,0.52,17.7,43,10.7,S355,355,Angle Connector,20,1453.896,77.11,106,102.9,5178.2,7.53,159,32.6
35740,0.39,27.1,39.3,82.2,S355,355,Angle Connector,20,1868.424,105.77,115,125.7,8564.2,8.56,211.1,50.4
38874,0.52,7.1,36.6,69.5,S355,355,Headed Stud,19,1542.288,85.65,113,148.8,9767.3,7.41,225.4,66.7
41748,0.47,15.4,38.6,79.1,S690,690,Headed Stud,19,1584.96,89,157,127.3,14043.4,7.44,261.8,84.6
38996,0.4,33.5,30.4,85.4,S355,355,Headed Stud,22,1356.36,75.59,142,105.3,11744.9,6.37,306.1,67.4
41599,0.41,29.3,47.6,19.1,S355,355,Perfobond Ribbon,20,1307.592,72.24,132,82.7,11836.4,6.22,295.9,83.6
39693,0.46,22.8,5.9,10,S355,355,Headed Stud,19,1981.2,133.81,170,204,15130.8,9.94,235.4,71.5
29438,0.3,6,30.6,87.4,S355,355,Headed Stud,16,1905,122.83,162,245.7,6706.3,9.02,89.8,26.4
33346,0.38,38.8,42.5,18.2,S355,355,Headed Stud,16,1411.224,86.56,115,75.4,5692.7,6.55,116.1,40
38105,0.49,27.6,10.1,94.4,S355,355,Headed Stud,19,1185.672,59.13,187,166.6,14155.6,5.91,214.4,62.4
41674,0.4,7.5,22.1,82.7,S460,460,Angle Connector,20,1911.096,101.19,164,232.3,14833.4,8.75,289,84.1
32654,0.29,21,34.4,70.8,S275,275,Headed Stud,19,1365.504,73.46,184,212.2,8848.4,6.22,160.9,37.3
38839,0.32,32,44.6,36.3,S355,355,Headed Stud,16,1740.408,98.15,172,101.2,14345.2,8.23,162.1,66.5
36159,0.33,8.4,25,75.5,S460,460,Perfobond Ribbon,20,1740.408,93.88,123,246.7,9107.9,8.23,213,52.4
36426,0.44,11,27.9,66.9,S460,460,Headed Stud,19,1877.568,112.47,139,180.5,11053.8,9.24,200.5,53.7
35286,0.43,24.6,9.9,23.2,S460,460,Headed Stud,19,1703.832,96.62,148,213.8,9254,8.29,180.6,48.3
37489,0.4,23.4,16,59.3,S275,275,Headed Stud,19,1143,59.74,164,176,12450.7,5.46,208.9,59.1
41100,0.3,13.7,18,88.9,S355,355,Headed Stud,19,1365.504,71.02,114,290.9,10086.8,6.37,259.6,80.3
40347,0.32,35.3,19.5,66.4,S460,460,Headed Stud,19,1094.232,67.97,197,168.9,15987.6,5.39,246.7,75.5
40474,0.3,35.6,10.3,93.7,S275,275,Perfobond Ribbon,20,1133.856,56.39,111,235.8,9400.2,4.97,277.5,76.3
40072,0.33,2.1,37.4,31.3,S355,355,Headed Stud,19,2042.16,111.86,189,232.8,16052,9.75,237.8,73.8
30090,0.37,43.7,41.8,55.3,S355,355,Headed Stud,19,1359.408,73.46,191,58.5,8145.5,6.52,129.5,28.4
37259,0.4,2.3,44.5,8.1,S355,355,Perfobond Ribbon,20,1859.28,102.41,101,165,9013.8,8.99,234.8,57.9
36386,0.38,36.6,33.6,56.8,S355,355,Headed Stud,19,1414.272,78.94,136,87.7,10219.8,6.89,193.9,53.5
39203,0.52,1.3,41.2,40.2,S690,690,Angle Connector,20,1002.792,61.26,161,144.9,13361.9,4.97,255.3,68.6
29064,0.5,3.7,6.4,24.2,S355,355,Headed Stud,19,1575.816,88.7,106,250.7,5125,7.56,122.4,25.3
41792,0.3,37.3,24.7,6.9,S460,460,Angle Connector,20,1630.68,93.88,181,156.8,18343.9,7.56,298.1,84.9
36669,0.47,9.5,19,69.8,S275,275,Headed Stud,16,1584.96,94.18,124,188.4,9307.6,7.74,144.1,54.9
33982,0.52,26.9,48.7,86.5,S460,460,Headed Stud,16,1005.84,52.43,115,73.4,6152.1,4.94,119.9,42.6
32837,0.36,37,17.7,87,S460,460,Headed Stud,16,1603.248,83.52,199,168.9,9104.9,8.23,112.3,38
40458,0.36,10.9,22.5,92.2,S275,275,Headed Stud,16,1831.848,116.13,186,238.6,16267.1,8.32,175.4,76.2
38521,0.34,11,14.1,85.6,S355,355,Perfobond Ribbon,20,1335.024,74.07,158,263.7,12944.3,6.55,252.3,64.7
39391,0.42,39.5,35.9,76.2,S355,355,Perfobond Ribbon,20,1301.496,71.32,102,81.5,9716.1,6.07,265.1,69.7
41539,0.53,41.8,2.3,48.1,S355,355,Headed Stud,19,1338.072,81.99,132,133.2,11744.3,6.19,267.6,83.2
38822,0.43,21.9,20.9,86.2,S275,275,Headed Stud,22,1112.52,66.14,118,158.1,9887.6,5.58,305.3,66.4
33618,0.39,8.5,39.7,68.3,S355,355,Headed Stud,19,1234.44,58.22,152,187.7,8669.8,6.04,165.9,41.1
37374,0.53,23.9,11.7,45.8,S690,690,Perfobond Ribbon,20,1578.864,92.96,186,146.6,13221.4,7.8,233.7,58.5
30279,0.34,41.3,14,58.9,S460,460,Headed Stud,19,1347.216,74.37,101,187.6,4968.8,7.16,130.4,29
40298,0.53,40.2,34,84.2,S275,275,Headed Stud,19,1493.52,77.11,188,72.6,15644.5,6.95,246.4,75.2
38287,0.4,7,28.2,12.8,S355,355,Headed Stud,19,1514.856,75.29,142,206.5,11507.8,7.07,221.7,63.4
39203,0.37,26.7,23.3,62.7,S355,355,Headed Stud,16,2075.688,110.03,131,170.7,11602,9.72,162,68.6
37809,0.51,0.4,10.3,49.1,S690,690,Perfobond Ribbon,20,1716.024,89.61,137,215.2,10752.9,8.44,235.6,60.8
39957,0.45,0.1,24.5,63.7,S355,355,Perfobond Ribbon,20,1045.464,60.96,171,220.2,15586.6,4.97,269.5,73.1
41524,0.43,36.5,20.1,4.1,S275,275,Headed Stud,22,1502.664,80.16,148,127.1,12405.3,7.25,344.9,83.1
34266,0.35,28.7,27.9,69,S355,355,Headed Stud,19,1115.568,60.35,190,141.2,9472.9,5.49,175.6,43.8
41038,0.48,38.9,0.4,11.9,S275,275,Perfobond Ribbon,20,1694.688,87.78,127,175.4,11442.5,8.41,282.7,79.9
35504,0.46,24.6,6.1,21.8,S355,355,Headed Stud,19,1664.208,92.96,197,186.4,11247.2,7.44,191.2,49.3
38031,0.29,22.9,10.4,99.3,S275,275,Headed Stud,19,1655.064,90.83,169,282.6,13916.6,8.05,224.9,62
40774,0.45,26.5,29.4,72.2,S275,275,Headed Stud,19,1133.856,67.97,111,110.7,9510.2,5.67,258.9,78.2
30921,0.52,24.8,22.9,14.2,S460,460,Headed Stud,19,1511.808,80.47,193,139.5,8069.1,7.25,143.7,31.1
37103,0.53,34.5,41.6,47.3,S690,690,Headed Stud,22,1533.144,80.16,139,78,10830.3,7.19,278.9,57.1
38628,0.5,36.9,22.5,67.8,S460,460,Perfobond Ribbon,20,1554.48,89,141,98,11437.7,7.32,250.3,65.3
33692,0.47,7.8,13.3,67.6,S690,690,Headed Stud,19,1429.512,78.33,158,211.4,9165.5,6.74,166.8,41.4
32036,0.39,27,27.3,88.6,S355,355,Headed Stud,19,1908.048,112.78,167,159.1,7958,9.08,148.6,35
39340,0.4,8.8,3.9,77.2,S275,275,Headed Stud,16,1389.888,70.41,113,258.1,9499.8,6.74,162.4,69.4
33170,0.38,4.1,26.9,93.7,S355,355,Headed Stud,22,1837.944,113.39,123,213.8,6206.7,8.93,220.8,39.3
36076,0.52,14.2,3.6,48.9,S355,355,Headed Stud,16,1795.272,99.06,113,201.6,8569,8.99,136.1,52
30342,0.5,31.3,20.9,89.4,S460,460,Headed Stud,16,1365.504,69.49,193,120.4,8433.8,7.19,96.3,29.2
35951,0.51,22.3,29.1,88.6,S460,460,Headed Stud,16,1414.272,81.08,132,122,9959.7,7.19,134.6,51.4
38449,0.48,4.1,9.7,82.1,S460,460,Headed Stud,19,2005.584,115.52,128,212.9,9989.8,9.45,229.9,64.3
38141,0.41,9.3,22.6,48.4,S275,275,Headed Stud,19,1438.656,87.78,119,203.4,9289.9,6.64,214.3,62.6
40250,0.3,6.5,42.4,77,S355,355,Headed Stud,19,1219.2,71.32,126,196,11337.3,5.85,244.3,74.9
36056,0.48,28.1,15.3,35.2,S460,460,Headed Stud,19,1594.104,80.16,167,169.1,11390.5,7.35,191.7,51.9
36467,0.38,13.7,5.3,54,S355,355,Headed Stud,16,1822.704,102.72,104,277.2,8391.3,8.72,145.5,53.9
36180,0.41,24.9,7.9,47.9,S355,355,Headed Stud,16,1728.216,103.63,175,219.6,11706.8,8.41,135.4,52.5
33765,0.31,10.1,41.8,64.6,S355,355,Perfobond Ribbon,20,1575.816,84.73,165,191.4,9025.1,7.65,187.2,41.7
30496,0.48,38,9.9,97.1,S275,275,Headed Stud,19,1328.928,76.5,126,136.3,5189.4,6.22,133,29.7
35547,0.47,6.4,18.1,73.6,S355,355,Perfobond Ribbon,20,1353.312,78.64,116,201.3,8474.5,6.83,204.7,49.5
39254,0.54,43.6,48.5,32.8,S355,355,Headed Stud,19,1956.816,113.08,120,18.2,10561.1,9.05,231.8,68.9
41191,0.46,4.8,36.8,16.9,S355,355,Headed Stud,22,1667.256,96.32,122,183.1,10962.9,8.2,345.9,80.9
37546,0.36,34.6,45,43.7,S355,355,Headed Stud,19,1584.96,97.84,170,61.1,13227,8.11,211.8,59.4
35993,0.42,2.5,30,17.3,S355,355,Headed Stud,16,2072.64,120.09,194,209.9,11625.4,9.78,138,51.6
36588,0.42,21.9,41,58.7,S690,690,Headed Stud,22,1612.392,87.48,107,114.4,8570.7,7.96,274.9,54.5
29337,0.3,6.1,34.4,69.5,S275,275,Headed Stud,16,1469.136,86.26,163,253,6503.9,6.64,86.3,26.1
41733,0.39,21.1,7.4,13.3,S690,690,Headed Stud,19,1301.496,72.54,160,229,14927.6,6.71,253.3,84.5
35396,0.4,40,46.6,0.5,S355,355,Headed Stud,16,1365.504,74.68,166,54.5,9962.2,6.55,133.4,48.8
36927,0.48,7.2,46.1,56.5,S690,690,Headed Stud,19,1886.712,89.61,199,138.5,12593.6,8.87,204.6,56.2
37846,0.33,24,40.1,80.1,S460,460,Headed Stud,19,1374.648,71.32,126,149.9,9901.3,6.8,208.7,61
36426,0.45,34.4,8.7,90.7,S690,690,Headed Stud,19,2087.88,111.56,136,155.3,10487.3,9.88,199.9,53.7
41748,0.54,35.6,26,58.8,S355,355,Headed Stud,19,1703.832,88.09,134,89.5,11797.3,8.44,264.4,84.6
33119,0.29,32.1,29,8.5,S355,355,Headed Stud,19,1679.448,87.17,113,198.6,5810.1,8.44,159.2,39.1
41161,0.45,10.9,8.4,99.4,S355,355,Perfobond Ribbon,20,1944.624,103.63,104,222.2,9786.2,9.27,283.1,80.7
29703,0.44,39.6,15,45.7,S460,460,Headed Stud,19,1569.72,80.77,182,121.4,8141.8,7.28,130.2,27.2
39152,0.49,0.6,9.9,61.9,S460,460,Headed Stud,19,1636.776,93.27,122,227.9,10775.7,7.86,229.7,68.3
32628,0.29,42.7,7.8,16.4,S275,275,Headed Stud,16,1914.144,104.85,173,236.3,8407.8,9.2,109.8,37.2
33144,0.34,1.1,11.4,28.9,S690,690,Headed Stud,19,1109.472,58.83,158,315.3,8484.2,5.46,164.6,39.2
33396,0.51,29.3,28.9,46.6,S355,355,Headed Stud,16,1429.512,78.33,132,102.2,6803.2,6.92,116.6,40.2
39974,0.34,22.2,20.2,51.3,S275,275,Headed Stud,22,2005.584,112.17,128,213.2,11304.8,9.75,326.5,73.2
37865,0.44,43.1,24.8,97.2,S275,275,Headed Stud,16,1709.928,93.88,167,74.4,12997.5,8.05,153.4,61.1
33371,0.51,4.4,28.1,94.3,S690,690,Perfobond Ribbon,20,1581.912,81.99,124,167.7,6423.7,7.25,181.7,40.1
30342,0.52,42,36.9,35.9,S275,275,Headed Stud,22,1563.624,91.14,191,74.6,8045.9,7.89,175.7,29.2
36669,0.32,29.3,17.2,7,S460,460,Headed Stud,19,1060.704,61.26,192,238.5,12407.4,5.18,205.7,54.9
36406,0.52,44.8,11.2,26.9,S355,355,Headed Stud,16,2002.536,111.86,162,126.1,11513.3,9.39,145.4,53.6
37659,0.43,23.5,28.9,51.3,S275,275,Headed Stud,19,2097.024,128.93,141,157.5,11043.7,9.14,211.7,60
34125,0.37,30.6,40.3,91.3,S460,460,Headed Stud,19,1658.112,95.4,174,113.6,9360.9,7.62,175.1,43.2
39908,0.41,26.5,35.3,67.7,S355,355,Headed Stud,19,1740.408,95.1,188,137.2,15951.8,8.17,238.2,72.8
36283,0.51,36.1,13.9,88.4,S460,460,Perfobond Ribbon,20,1133.856,59.44,184,129.6,11891.3,5.58,217.6,53
40379,0.42,32.8,29.9,62.2,S355,355,Perfobond Ribbon,20,1493.52,73.76,190,98.8,15865.3,6.86,278.1,75.7
30435,0.32,40.8,31.3,58.6,S355,355,Headed Stud,16,1057.656,61.57,120,128.7,5174.9,5.06,95,29.5
36263,0.46,17.4,11.8,72,S355,355,Headed Stud,19,1597.152,90.22,197,207.1,11817.1,7.77,200.9,52.9
34954,0.41,16,18.5,29.7,S355,355,Headed Stud,19,1143,57.91,128,199.4,8283,5.46,180.4,46.8
36947,0.32,40.6,31.8,6.3,S690,690,Headed Stud,16,1865.376,101.19,160,116.9,12328.6,9.11,146,56.3
38123,0.35,40.7,13.7,43.9,S690,690,Headed Stud,16,1697.736,91.44,174,185,14388.1,8.38,156.1,62.5
33740,0.5,35.4,36.4,82.8,S690,690,Headed Stud,22,1929.384,105.77,161,67.8,9344.9,9.54,225.6,41.6
33667,0.3,3.1,4.3,2.6,S355,355,Perfobond Ribbon,20,1496.568,75.9,157,393.4,9030.4,6.98,181.4,41.3
41419,0.4,24.7,43.3,73.7,S690,690,Headed Stud,22,2072.64,115.52,132,123.5,11878.2,9.36,353.6,82.4
31590,0.53,33.2,16.9,68.7,S460,460,Angle Connector,20,1563.624,91.14,172,105.8,7895.3,7.77,165,33.4
39013,0.36,22.7,23.6,34.8,S355,355,Headed Stud,16,1325.88,75.9,167,215.7,14031.3,5.85,161.3,67.5
37142,0.34,21.5,10.4,29.5,S355,355,Headed Stud,16,1386.84,91.74,113,247.7,9211.6,6.22,144.9,57.3
39424,0.5,27.4,6.5,44.3,S355,355,Headed Stud,16,1755.648,92.66,124,155.2,11108.9,8.56,168.1,69.9
32759,0.47,27,35.5,9.5,S460,460,Headed Stud,22,1228.344,68.58,110,131,5826.7,5.88,213.5,37.7
30589,0.45,13.7,45.3,40.5,S460,460,Headed Stud,19,1170.432,59.13,102,114.5,5049.3,5.82,135,30
31361,0.52,4.3,49.1,98.6,S690,690,Angle Connector,20,1456.944,80.77,159,99.1,7145.4,7.04,156.5,32.6
36076,0.52,42.6,19.3,49.8,S355,355,Headed Stud,16,1447.8,84.12,117,87.5,8901.3,6.64,135.4,52
41524,0.31,35.1,13.3,86.7,S690,690,Headed Stud,16,1438.656,71.32,141,186,12427.4,7.1,182.1,83.1
34148,0.33,39.9,17,19.9,S275,275,Headed Stud,16,1350.264,72.24,129,157.2,7633.9,6.86,118.5,43.3
37846,0.3,21.9,12.1,20.3,S275,275,Headed Stud,19,1804.416,99.97,156,265.2,11527.5,8.44,217,61
31274,0.48,22.8,46.4,28,S355,355,Perfobond Ribbon,20,1737.36,94.18,187,99.1,7885.7,8.66,156.2,32.3
36242,0.55,34.9,42.2,73.5,S355,355,Headed Stud,19,1719.072,89.31,189,53.8,11685,8.08,200,52.8
36887,0.35,28,48,88.1,S355,355,Headed Stud,19,1926.336,105.77,197,94.3,12350,10.06,203.9,56
36768,0.43,17.3,49.6,74.1,S355,355,Headed Stud,22,1313.688,65.53,132,107.4,9840.7,6.37,281.7,55.4
39152,0.4,9.7,41.2,15.6,S460,460,Headed Stud,16,1325.88,76.2,138,166.6,11736.3,6.28,159.3,68.3
33569,0.43,16.3,47.4,39.7,S355,355,Headed Stud,22,1652.016,88.7,136,122.4,7587.3,7.74,219.4,40.9
32732,0.47,35.7,27.1,14.5,S355,355,Angle Connector,20,1517.904,73.76,138,123.4,6938.1,7.8,175.8,37.6
35612,0.43,37.6,16.7,85.7,S460,460,Headed Stud,16,1658.112,91.74,180,130.2,11504.7,7.99,133.9,49.8
41115,0.34,26.2,5.3,87.3,S275,275,Headed Stud,19,1709.928,101.8,180,225.7,16792.6,8.11,257.2,80.4
37828,0.35,20.6,21.8,1.7,S355,355,Perfobond Ribbon,20,1014.984,54.86,146,235.7,11382.7,5,237.1,60.9
40617,0.5,22.1,6,21,S355,355,Headed Stud,19,1377.696,69.19,184,178.9,16397.3,6.28,244.2,77.2
33544,0.53,26.9,0.4,21.5,S460,460,Headed Stud,22,1078.992,59.13,190,181.4,9527,5.39,225.8,40.8
38431,0.41,38.6,5.8,77.3,S460,460,Headed Stud,19,2036.064,116.74,126,155.6,9968.7,10.21,222,64.2
29099,0.34,27.9,0.9,81.7,S460,460,Headed Stud,19,1511.808,85.04,165,257.4,7289.7,7.53,124.7,25.4
41374,0.48,21.4,6.4,62.7,S355,355,Headed Stud,19,1722.12,106.98,194,187,17498.9,8.78,263,82.1
35612,0.42,29.7,41.8,79.3,S690,690,Headed Stud,19,1944.624,112.78,171,76.8,11203.4,9.48,184.7,49.8
41389,0.38,5,0.7,64,S275,275,Headed Stud,19,1673.352,91.44,120,297.8,10447,7.83,261.1,82.2
38944,0.47,3.4,44.1,15.9,S355,355,Headed Stud,19,1319.784,73.46,100,147.6,9535.3,6.64,228.7,67.1
41100,0.5,18.2,45.2,25.9,S355,355,Headed Stud,16,1688.592,96.32,189,89.4,16419.4,8.35,181.3,80.3
36749,0.45,11.9,33.5,83.6,S275,275,Perfobond Ribbon,20,1874.52,117.65,147,169.6,10853.4,8.87,218.9,55.3
39254,0.42,15.2,37.6,70,S355,355,Headed Stud,22,1182.624,71.93,146,153.1,11873.5,5.94,310.9,68.9
28995,0.45,44.2,1.8,19.6,S690,690,Headed Stud,16,1380.744,74.98,175,173.2,7788.8,6.61,82.3,25.1
29438,0.48,44.4,20.9,26.3,S690,690,Perfobond Ribbon,20,1670.304,92.35,191,114,8395.2,7.59,139.1,26.4
33692,0.3,4.1,4,80.5,S355,355,Headed Stud,16,1828.8,105.16,177,357.9,9186.3,8.2,120.6,41.4
29337,0.34,32.3,37.8,22.6,S355,355,Headed Stud,16,1392.936,70.41,106,102,5115.4,6.92,86.5,26.1
41599,0.5,4.3,25.5,34.5,S460,460,Headed Stud,19,1417.32,80.47,199,192.5,17890.6,6.71,260.4,83.6
36749,0.52,38.7,7.5,38.3,S275,275,Headed Stud,22,1639.824,88.7,170,146.6,11771,8.2,267.8,55.3
36927,0.52,11.4,18.2,70.2,S355,355,Perfobond Ribbon,20,1597.152,90.22,141,181.3,10917.3,7.59,223.8,56.2
32548,0.46,7.4,10.5,60.6,S355,355,Headed Stud,16,1502.664,83.82,195,213.8,9009.7,7.44,109.7,36.9
39220,0.36,28.3,27.2,22.9,S275,275,Headed Stud,16,1539.24,81.38,101,177.2,9192.7,7.38,166.4,68.7
36507,0.53,12.1,15.7,44.3,S355,355,Perfobond Ribbon,20,1548.384,99.36,176,174.7,11811.4,7.71,219.4,54.1
36365,0.44,8.5,32.2,39.2,S275,275,Headed Stud,22,1630.68,85.04,114,170.3,8008.3,6.89,259.2,53.4
33837,0.32,6.7,17.7,55.3,S460,460,Headed Stud,16,1481.328,76.5,138,308.9,8085.6,6.8,120,42
40522,0.42,17.8,10.5,45,S275,275,Headed Stud,16,1709.928,102.11,184,231.2,16329.5,7.99,174.1,76.6
35633,0.48,7.4,30.3,32.1,S355,355,Headed Stud,19,2106.168,118.57,132,169,9813.6,10.21,187.8,49.9
31447,0.4,14.2,32.4,19.1,S355,355,Headed Stud,19,1789.176,96.32,121,184.5,5549.5,8.66,142.9,32.9
32118,0.42,33.8,39.3,88.1,S275,275,Headed Stud,16,1633.728,78.33,145,61.7,6775.2,7.83,109.6,35.3
32940,0.38,37.1,32.3,79.3,S275,275,Headed Stud,16,1584.96,82.3,190,94.4,9013.2,7.96,111.4,38.4
31099,0.49,0.9,14.1,10.9,S275,275,Perfobond Ribbon,20,1886.712,100.58,106,242.1,4927.8,8.63,162.2,31.7
33594,0.36,12.8,15,9.6,S355,355,Headed Stud,16,2020.824,121.62,158,272.4,8959.5,9.81,118.7,41
35612,0.54,21.8,12.4,94.1,S460,460,Headed Stud,19,1295.4,72.24,195,156.8,11499.6,6.31,188.5,49.8
34476,0.53,32.7,31.1,16.3,S690,690,Headed Stud,16,1621.536,87.48,120,111.2,7229.3,8.32,126.8,44.7
29337,0.3,22.4,6.9,22.9,S355,355,Headed Stud,19,1661.16,93.88,123,307.9,5530.6,8.29,123.8,26.1
39254,0.32,39.6,43.4,24.4,S355,355,Headed Stud,16,1886.712,114.3,155,88.1,12171.6,9.3,167.7,68.9
30980,0.31,35.2,14.3,73.1,S275,275,Headed Stud,22,1737.36,98.45,109,212.6,4785.9,8.81,186.5,31.3
33837,0.51,37.7,26.2,17.9,S355,355,Headed Stud,16,1478.28,81.38,157,96.2,9157.1,7.04,118.9,42
36649,0.5,36.3,18.5,11.9,S355,355,Headed Stud,19,1530.096,91.74,110,139.9,8918.2,6.92,205.6,54.8
37064,0.34,17.3,31.7,58.1,S355,355,Headed Stud,16,2008.632,118.26,107,175.1,9138.7,9.24,143.8,56.9
40153,0.45,14.7,17.5,76.4,S355,355,Headed Stud,19,1328.928,81.08,196,200.6,16157.9,6.83,243.3,74.3
35176,0.29,6.4,10,57.3,S460,460,Headed Stud,19,1831.848,106.68,133,362.4,8419.7,9.63,178,47.8
29099,0.36,19,23.6,0.2,S355,355,Headed Stud,22,1822.704,103.63,178,215.8,7580.4,7.83,159.8,25.4
40379,0.54,15.6,32.6,96.8,S460,460,Headed Stud,22,1100.328,68.58,155,113.2,12333.3,5.52,330,75.7
35461,0.37,4,5.9,75.8,S355,355,Headed Stud,16,1944.624,104.24,145,295.1,10070.8,9.57,135.4,49.1
32940,0.35,2.6,47.4,19.9,S355,355,Perfobond Ribbon,20,1783.08,94.18,101,172.3,5765.4,8.66,175.9,38.4
38503,0.5,21.5,36.9,62.1,S355,355,Headed Stud,22,1554.48,86.87,176,98.6,14408,7.22,294.9,64.6
38178,0.4,30,18.8,65.5,S275,275,Perfobond Ribbon,20,1438.656,90.22,140,177.9,10992.1,6.89,241.1,62.8
40774,0.35,18.3,45.6,3.8,S355,355,Headed Stud,19,1222.248,73.15,182,140.4,16092.1,5.91,255.1,78.2
36139,0.4,28.2,32.9,84.1,S275,275,Headed Stud,16,1947.672,102.11,130,132.7,9732.4,8.75,134.4,52.3
37278,0.54,41.9,41.7,54.7,S460,460,Headed Stud,19,1222.248,64.01,114,52.1,9596.1,5.64,208.5,58
32091,0.35,27.6,9.8,64.3,S355,355,Headed Stud,16,1456.944,78.03,155,214.9,7156.4,6.71,105.5,35.2
29371,0.48,10.5,27.3,80.7,S690,690,Headed Stud,16,1557.528,95.1,130,150.2,5785.6,7.28,86,26.2
37957,0.45,9.5,22,68.2,S460,460,Headed Stud,19,1621.536,100.89,130,195.8,10092.5,7.92,208.4,61.6
40072,0.45,13.7,1.5,97.5,S460,460,Perfobond Ribbon,20,1517.904,81.38,170,219.3,15342.4,7.35,268.8,73.8
41703,0.29,30.3,28.8,3.1,S275,275,Headed Stud,16,1938.528,106.68,178,181.7,17766.9,9.14,185.5,84.3
40023,0.35,20.5,12.6,92.1,S690,690,Perfobond Ribbon,20,1560.576,83.82,103,223.2,9709,7.5,269.6,73.5
35676,0.43,42,22.2,51.7,S275,275,Headed Stud,16,1536.192,89.61,133,100.9,9985.4,7.16,136.7,50.1
39117,0.38,28.9,30.8,69.9,S355,355,Headed Stud,19,1097.28,54.56,139,128.8,11482.2,5,231,68.1
36966,0.29,24,9.4,87.4,S355,355,Headed Stud,19,1313.688,76.5,143,268.2,10905.6,6.55,206.3,56.4
32335,0.55,27.4,43.7,28,S355,355,Headed Stud,19,1435.608,73.76,107,70.4,5197.5,6.71,152.4,36.1
33886,0.45,9.5,45,39.1,S275,275,Headed Stud,19,1609.344,94.79,132,126.3,7343.4,8.41,175.6,42.2
39254,0.52,39.5,47.6,65.8,S275,275,Headed Stud,19,1161.288,63.09,166,46.1,13873.7,5.73,231.1,68.9
31245,0.32,22.9,21.4,4.2,S690,690,Headed Stud,19,1648.968,92.66,100,240.2,5442.8,7.86,140.6,32.2
37846,0.53,42.2,15.5,55.7,S355,355,Headed Stud,19,1536.192,86.26,154,105.4,11232.4,7.68,218.6,61
36729,0.29,10.5,2,4.7,S690,690,Headed Stud,19,1353.312,82.6,124,382.4,9884.4,6.46,201.2,55.2
31815,0.55,33.4,14.8,40.7,S460,460,Headed Stud,19,1280.16,64.01,130,129.4,5894.5,6.58,147.3,34.2
31099,0.37,1.8,23.8,83,S355,355,Headed Stud,16,1356.36,72.54,173,234.5,7817.4,6.95,98.9,31.7
29735,0.55,3.1,13.4,19.8,S355,355,Headed Stud,19,1408.176,79.25,140,188.6,6202.6,6.58,126.5,27.3
34406,0.47,29.5,14.7,54.6,S355,355,Headed Stud,16,1216.152,70.71,121,137.9,7145.2,5.55,123.7,44.4
41252,0.44,37.2,36.6,38.1,S690,690,Headed Stud,19,1533.144,89.92,106,73,9992.4,7.44,256.2,81.3
30980,0.48,11.8,31.2,76.7,S355,355,Headed Stud,19,1048.512,57,135,148.1,5603.9,5.21,142.5,31.3
37939,0.42,31.9,10.3,57.9,S355,355,Headed Stud,19,917.448,49.68,107,192.4,9143.9,4.63,216.5,61.5
30248,0.49,37.4,45.4,5.8,S355,355,Headed Stud,16,1155.192,57.61,161,51.7,6601.8,5.64,94.9,28.9
39254,0.43,34.2,22.9,85,S355,355,Perfobond Ribbon,20,1307.592,72.85,100,125,9791.6,6.43,261.1,68.9
39610,0.49,36.2,49,71.7,S355,355,Headed Stud,19,1548.384,82.91,119,53.5,10602.6,7.13,236.4,71
39100,0.46,27.2,22.5,51.8,S355,355,Headed Stud,19,1575.816,96.62,142,140.4,11877.2,7.53,232.9,68
28995,0.31,13.5,25.7,60.6,S355,355,Headed Stud,16,1249.68,73.15,123,274.2,5305.4,6.31,85.9,25.1
36927,0.53,7.8,37.4,73.6,S355,355,Headed Stud,16,1856.232,99.06,129,133.2,9772.7,8.5,145.9,56.2
35930,0.47,23.6,10.4,98.1,S275,275,Headed Stud,19,1426.464,73.46,164,156.8,11046.2,6.89,193.5,51.3
35461,0.54,22.6,9.9,27,S355,355,Headed Stud,19,1642.872,90.22,102,178.1,8008.7,7.77,190.1,49.1
40314,0.52,23,2.5,86.6,S690,690,Headed Stud,16,1563.624,87.78,178,179,16158.9,7.74,178.6,75.3
30710,0.42,32.7,33.6,7.1,S275,275,Headed Stud,16,1816.608,106.38,168,99.1,7067.2,8.23,95.8,30.4
31871,0.42,15.9,7.8,90.2,S355,355,Headed Stud,16,963.168,51.82,173,237.2,7768.1,4.42,105.7,34.4
41569,0.29,36.9,14.9,50.3,S355,355,Headed Stud,16,1642.872,78.33,148,198.4,12462.4,7.89,186.1,83.4
40914,0.49,2.9,6.8,54.4,S460,460,Headed Stud,16,1780.032,98.45,129,228.4,11630.4,8.5,180.3,79.1
41161,0.4,34.1,33.4,20.3,S460,460,Headed Stud,19,1804.416,102.11,122,115,11000.8,8.75,255.8,80.7
41569,0.48,1,1.9,98.3,S690,690,Headed Stud,19,1621.536,94.18,184,255.6,18004.9,8.11,264.1,83.4
33934,0.48,34.7,32.2,50,S355,355,Angle Connector,20,1472.184,86.26,174,92.6,9523.2,7.22,192,42.4
35761,0.29,24.8,20.9,87.3,S275,275,Headed Stud,22,1249.68,69.19,197,254.7,11357.3,6,261.1,50.5
32416,0.42,10.8,39.3,33.9,S690,690,Headed Stud,19,1856.232,99.97,125,141.9,5946.5,8.9,154.2,36.4
29303,0.4,7.5,24.6,27.2,S275,275,Perfobond Ribbon,20,1773.936,90.22,130,213.1,5392.8,8.72,140,26
36768,0.54,30.6,41.1,22.6,S275,275,Perfobond Ribbon,20,1527.048,92.96,136,73.3,10318.2,7.01,225.2,55.4
31815,0.3,19.6,3.7,1.6,S275,275,Headed Stud,19,1429.512,82.91,110,320.8,5551.8,6.8,143.3,34.2
33017,0.3,1.8,45.7,8.4,S355,355,Headed Stud,19,1542.288,82.91,109,226.6,5772.3,7.38,164.1,38.7
32785,0.3,0.5,35.7,63.8,S355,355,Angle Connector,20,1673.352,92.66,135,298,6754.1,7.38,171.2,37.8
36608,0.34,0.7,2,21.2,S355,355,Headed Stud,22,1237.488,69.49,117,379.2,8960.3,5.64,265.5,54.6
32200,0.3,18.1,35.6,92.9,S355,355,Headed Stud,16,1706.88,85.95,158,205.9,7419.7,8.6,109.8,35.6
41792,0.39,16,32.5,60.8,S690,690,Perfobond Ribbon,20,1459.992,73.76,166,165.7,15865.4,7.04,299.5,84.9
35867,0.42,8.1,43,78.3,S355,355,Headed Stud,19,1420.368,82.3,191,138.1,11566.4,6.74,191.9,51
39793,0.41,41.1,6.4,61.5,S355,355,Headed Stud,19,1405.128,77.11,145,174.4,11940,6.8,235,72.1
41644,0.52,44.4,27.3,74.1,S460,460,Perfobond Ribbon,20,1524,82.3,141,65.8,12198.7,7.68,293.6,83.9
31390,0.49,20.2,24.1,53.1,S355,355,Headed Stud,22,1813.56,111.86,150,158,6733,7.77,193.4,32.7
40506,0.29,0.7,9.2,62.2,S275,275,Headed Stud,19,1807.464,110.34,147,382.8,12127.2,8.6,252.7,76.5
41268,0.49,10.1,3.3,30.9,S355,355,Headed Stud,16,1167.384,73.76,171,227.8,16330.7,5.73,184.8,81.4
40331,0.53,1.5,33.7,24.1,S275,275,Headed Stud,19,1755.648,101.5,173,165.4,15522.4,7.53,244,75.4
29833,0.5,37.4,23,6.5,S355,355,Headed Stud,22,1356.36,73.46,165,126.7,7052.7,6.1,171.2,27.6
37412,0.37,5.8,14.8,11.6,S275,275,Headed Stud,19,1578.864,87.78,186,298.2,13466.3,7.77,208.4,58.7
41115,0.44,5.9,48,13.8,S460,460,Headed Stud,19,1560.576,92.66,199,133.1,16554.9,7.86,254.6,80.4
40727,0.37,40,35,88.7,S690,690,Headed Stud,19,1475.232,81.99,179,95.2,15912.5,6.8,248.9,77.9
39271,0.43,5.3,3.1,27.8,S355,355,Headed Stud,19,1389.888,81.99,115,283.9,10016.9,6.61,240.7,69
40169,0.52,35.8,42.2,61.7,S460,460,Headed Stud,19,2045.208,124.97,120,44.4,10768.9,9.14,242.6,74.4
33371,0.29,43.5,47.7,94.3,S355,355,Headed Stud,19,1972.056,111.25,170,60,8474.3,9.2,165.8,40.1
36868,0.38,15.6,11.8,60.6,S690,690,Headed Stud,22,1840.992,106.68,112,230.1,9172.1,9.51,276.7,55.9
29438,0.5,25.5,3.4,63.1,S690,690,Headed Stud,19,1731.264,99.36,155,184.3,6756.5,9.05,124.5,26.4
36263,0.33,16.7,4,46.5,S355,355,Headed Stud,16,1338.072,70.71,176,283.8,11909.9,6.49,140.2,52.9
29471,0.4,36,29.2,91,S690,690,Perfobond Ribbon,20,1920.24,96.62,171,125.5,7668.7,9.24,138.8,26.5
38232,0.53,10.9,31.9,90.1,S690,690,Perfobond Ribbon,20,1295.4,69.8,159,141.4,13054.3,6.04,248.8,63.1
41161,0.4,12.3,48.1,86.7,S275,275,Perfobond Ribbon,20,1566.672,89.31,186,139.5,16570.4,7.59,285.4,80.7
37259,0.48,30.9,27.2,94.6,S355,355,Headed Stud,19,1112.52,66.14,164,96.8,12542.8,5.61,208.3,57.9
38467,0.29,16.4,24.7,68,S275,275,Headed Stud,22,1322.832,78.94,193,257.3,15665.7,6.49,300.4,64.4
30527,0.43,7.2,27.4,41.2,S355,355,Headed Stud,19,1886.712,99.97,141,200.4,6292.4,9.42,132.7,29.8
39492,0.36,32.9,30.3,72.8,S460,460,Headed Stud,19,1292.352,79.25,111,124,9829.9,6.58,236.8,70.3
41069,0.49,5.6,34,40.8,S355,355,Perfobond Ribbon,20,1426.464,80.47,130,154.3,11770.2,7.22,284.2,80.1
34728,0.44,37.5,34.8,70.6,S355,355,Headed Stud,19,1694.688,91.44,114,80.1,6820.9,8.87,180.8,45.8
32706,0.29,7.1,45.9,46.9,S690,690,Perfobond Ribbon,20,1328.928,69.49,142,228.5,8091,6.4,173.1,37.5
39306,0.48,19.4,21.8,52.8,S355,355,Headed Stud,19,1606.296,81.08,181,174.8,15256.7,7.86,234.9,69.2
38698,0.41,31.7,13.4,26.6,S690,690,Headed Stud,19,1688.592,87.48,108,160.8,9412.1,7.99,229.1,65.7
37659,0.5,41.2,49.5,26.2,S355,355,Headed Stud,19,1267.968,75.59,127,33,9879.7,5.58,209.7,60
37828,0.34,37.3,2.4,41.9,S355,355,Headed Stud,22,1188.72,67.06,170,217.3,13307,5.64,279.9,60.9
36283,0.52,1.9,23.6,32.6,S460,460,Headed Stud,22,1618.488,85.34,153,192.4,11093.3,8.05,262.2,53
41509,0.42,28.5,18.3,3,S355,355,Headed Stud,16,1347.216,75.59,107,178.5,9625.8,6.55,184.8,83
38716,0.36,33.4,27.9,40.5,S355,355,Headed Stud,16,1447.8,72.54,132,161.2,10968.2,7.1,158.6,65.8
41674,0.38,25.3,31.1,70,S355,355,Angle Connector,20,1746.504,92.96,174,132.4,17848.8,8.78,293.6,84.1
31590,0.32,27.8,40.7,32.2,S355,355,Headed Stud,19,1578.864,96.01,108,126,5134.8,7.71,148.7,33.4
30153,0.53,2.2,30.2,15,S275,275,Headed Stud,19,1325.88,76.2,150,170.3,6461.5,6.52,130.8,28.6
29167,0.41,23,13.1,79.8,S275,275,Headed Stud,19,1901.952,105.46,176,175.7,7258.3,9.24,122.5,25.6
31561,0.41,22.9,45,98.2,S355,355,Headed Stud,19,2042.16,111.56,146,115.8,6548.4,10.85,142.1,33.3
40363,0.46,20.8,1.3,81.6,S275,275,Headed Stud,16,1697.736,106.98,118,211,10258.4,8.41,175,75.6
38105,0.45,22.2,40.2,23.4,S355,355,Headed Stud,19,1639.824,83.82,172,103.8,13947.2,8.08,221.2,62.4
34313,0.39,15.1,15.7,24.2,S355,355,Headed Stud,19,1481.328,89.61,129,225.9,7748.2,7.04,175.9,44
30980,0.53,37.8,10.3,45.1,S355,355,Perfobond Ribbon,20,1264.92,73.15,155,141.3,6658.7,6.22,155.8,31.3
41494,0.51,13.4,18.4,75.9,S460,460,Headed Stud,16,2033.016,110.03,174,172.1,16762.7,9.27,181.5,82.9
41494,0.35,23,17.2,95.6,S275,275,Angle Connector,20,1658.112,85.34,166,196.2,15029.9,7.74,297.2,82.9
40202,0.48,38.3,9.2,92.9,S275,275,Perfobond Ribbon,20,1484.376,82.3,173,129.3,15601.4,6.89,269,74.6
33716,0.31,11.1,46.1,45.5,S355,355,Headed Stud,22,1722.12,96.32,177,197.7,9271,8.41,219.4,41.5
41584,0.33,40.7,26.9,33.9,S275,275,Headed Stud,19,1252.728,71.63,117,133.1,10088.3,6.19,263.6,83.5
37902,0.43,10.4,15,57.1,S460,460,Headed Stud,22,1411.224,70.41,145,227.5,11388.4,6.68,283.3,61.3
40474,0.41,28.9,29.6,7.7,S355,355,Headed Stud,16,1591.056,83.21,125,131.3,11245.3,7.19,172.4,76.3
41584,0.49,19.6,9.2,15.7,S355,355,Headed Stud,19,987.552,60.96,187,184.6,17944.4,5,256.8,83.5
41252,0.42,5.1,49.4,17.8,S275,275,Headed Stud,22,1356.36,64.31,160,162.4,14044.9,6.37,355.2,81.3
40363,0.3,42.3,43.4,60,S355,355,Headed Stud,19,1578.864,79.55,187,86.1,15802.9,8.2,245.7,75.6
36365,0.29,33.2,24.2,15.3,S355,355,Perfobond Ribbon,20,1892.808,98.45,170,202.9,11648,9.3,215.8,53.4
34360,0.34,25.3,11.8,38.4,S355,355,Headed Stud,19,1761.744,101.5,137,218,8257.3,8.17,177,44.2
34887,0.29,43,23.4,1.4,S690,690,Headed Stud,16,1524,85.65,133,160.9,8471.9,7.16,127.9,46.5
38645,0.53,3.2,24.4,82.4,S275,275,Headed Stud,19,1737.36,90.83,133,171.9,10686.6,8.38,226.1,65.4
40458,0.3,19.1,16.4,85.3,S460,460,Headed Stud,19,1975.104,118.87,106,242.2,9720.3,9.42,245,76.2
32759,0.37,7.3,0.6,13.1,S355,355,Perfobond Ribbon,20,1304.544,82.91,112,336.7,5850.3,6.25,171,37.7
38944,0.45,34.5,27.6,96,S355,355,Angle Connector,20,1487.424,74.98,153,94.3,11947.1,7.32,254.1,67.1
39610,0.32,44.7,7.9,73.4,S355,355,Angle Connector,20,1213.104,60.05,133,183.4,11574.2,6.13,266.7,71
35242,0.29,6,47.8,86,S355,355,Headed Stud,16,1700.784,96.01,178,221.6,9494.2,7.83,129.5,48.1
36180,0.31,40.2,28.2,96.6,S460,460,Headed Stud,16,1411.224,73.15,140,110.6,10727.9,7.32,139.2,52.5
36386,0.33,22.3,47.7,66.9,S460,460,Headed Stud,19,1993.392,114.6,106,142.8,8359.2,9.11,199.4,53.5
34683,0.47,39.6,39.4,83.9,S690,690,Headed Stud,16,1566.672,98.76,115,47.6,6966.9,7.62,122.5,45.6
41130,0.33,13.9,7.2,61,S275,275,Headed Stud,19,1478.28,84.73,143,323.7,12208.3,6.61,256.2,80.5
31926,0.52,19,27.9,76.5,S460,460,Headed Stud,19,1679.448,96.62,114,142.9,5320,7.68,146.7,34.6
39743,0.38,20.3,19.8,43.5,S690,690,Perfobond Ribbon,20,1514.856,75.29,198,214.9,16071,7.77,265.2,71.8
41115,0.51,34.1,44.6,18.3,S355,355,Headed Stud,16,1383.792,80.16,163,68.1,14012.3,6.77,183.6,80.4
29604,0.52,3.2,13.8,44.2,S355,355,Headed Stud,19,1219.2,66.45,125,202.2,5495.6,6.04,120.9,26.9
30741,0.35,24.5,47.7,34.7,S355,355,Headed Stud,19,1898.904,106.07,190,133.1,7784.1,9.05,133.8,30.5
38751,0.44,37.7,36.6,11.7,S355,355,Headed Stud,19,1255.776,73.76,152,86.4,11882.5,5.97,224.7,66
32416,0.33,26.5,4,63.5,S355,355,Headed Stud,22,1636.776,85.65,149,280.5,7365.4,7.59,203.8,36.4
38786,0.51,36.6,22.1,23,S355,355,Headed Stud,22,1978.152,111.86,141,113.6,12087.1,9.48,300.8,66.2
38610,0.53,38.2,48.6,34.5,S355,355,Headed Stud,19,1295.4,85.95,124,48.9,10232.5,6.46,224.8,65.2
31216,0.51,35.9,48.2,0,S275,275,Headed Stud,16,1749.552,99.06,140,68.7,6143.3,8.41,99,32.1
38160,0.45,3.5,35.7,24.4,S355,355,Headed Stud,22,1682.496,104.24,112,181.6,9179.9,7.89,286.2,62.7
29201,0.44,7.2,6.9,88.7,S355,355,Perfobond Ribbon,20,1764.792,106.98,184,227.4,7929.8,8.56,136.5,25.7
39492,0.44,32.9,45.7,21.1,S355,355,Headed Stud,19,1109.472,59.74,117,65.5,10401,5.3,233.3,70.3
41389,0.36,15.3,47.4,74.7,S355,355,Headed Stud,19,1030.224,53.04,188,114.3,17247.7,4.79,259.7,82.2
36628,0.46,22.2,46.8,10.9,S275,275,Headed Stud,22,1277.112,70.1,115,90.6,8421.9,6.43,266.4,54.7
40522,0.44,37.8,43.7,47.1,S275,275,Angle Connector,20,1213.104,67.06,133,75.9,11512.3,5.91,272,76.6
35569,0.35,22.3,16.5,41.3,S460,460,Headed Stud,19,1734.312,95.1,113,237.2,8293.9,8.2,189.2,49.6
39391,0.36,11.9,36.1,70.1,S690,690,Perfobond Ribbon,20,1271.016,70.1,174,201,15311,5.82,259.3,69.7
41599,0.31,22,47.7,60.6,S275,275,Headed Stud,16,1658.112,86.87,191,142.6,17654.6,7.16,184.2,83.6
40758,0.45,18,47.6,30.1,S690,690,Headed Stud,19,1216.152,64.92,183,100.9,16160,6.34,260.6,78.1
37374,0.49,7.1,3.5,62.9,S355,355,Perfobond Ribbon,20,1530.096,89.31,152,240.1,10991.6,7.28,233.9,58.5
31504,0.42,13.2,32.6,94.3,S460,460,Perfobond Ribbon,20,1941.576,112.78,167,171.3,7786.1,9.02,157.7,33.1
34954,0.48,33.9,41.6,58.2,S355,355,Headed Stud,19,1377.696,81.69,196,63,9834.4,6.64,178.2,46.8
30153,0.37,0.5,4.3,14.8,S460,460,Perfobond Ribbon,20,2017.776,109.73,142,323.8,6527.4,9.57,143.1,28.6
37697,0.43,25.3,12.4,57.7,S355,355,Headed Stud,19,1435.608,89,150,177.2,11159.2,7.13,211,60.2
29865,0.49,4.4,28.8,88.1,S275,275,Headed Stud,19,1499.616,84.43,156,169.7,6496.9,8.17,128.3,27.7
31069,0.52,32.7,21.3,42.4,S275,275,Perfobond Ribbon,20,1615.44,94.49,149,117.1,6548.9,7.62,153.6,31.6
41703,0.5,42.2,35.3,30.3,S275,275,Headed Stud,19,1874.52,103.33,193,65.1,18277.8,8.47,262.7,84.3
40266,0.54,25.9,11.4,31.5,S355,355,Perfobond Ribbon,20,1804.416,104.85,150,140.9,12046.1,9.33,271.2,75
38449,0.31,30.5,23.6,1.1,S690,690,Headed Stud,19,1853.184,106.07,192,211,14915.9,9.36,224.1,64.3
30951,0.36,14.7,47.4,11.2,S690,690,Perfobond Ribbon,20,1545.336,81.38,152,156.7,6764,7.56,153,31.2
35930,0.36,30.1,20.6,82.7,S355,355,Perfobond Ribbon,20,1264.92,73.46,121,189.3,8966.1,6.34,208.2,51.3
29962,0.43,8.6,35.4,59.7,S355,355,Headed Stud,19,1423.416,81.38,172,187.1,7494.8,6.55,132.8,28
37278,0.46,9,5.1,91.3,S460,460,Headed Stud,16,1652.016,80.77,160,222.5,12489,7.59,142.3,58
35993,0.39,15.4,26.1,38.5,S460,460,Headed Stud,22,1530.096,77.72,175,197.1,11527.7,7.32,264.6,51.6
39492,0.51,18.2,16.3,99.8,S355,355,Headed Stud,22,1661.16,99.36,183,164,15650,8.11,314.3,70.3
29099,0.34,25.3,13.6,84.9,S275,275,Headed Stud,19,1466.088,76.5,172,219.1,7215.5,7.38,123.2,25.4
35396,0.37,14.4,27.4,7.5,S460,460,Headed Stud,19,1700.784,92.35,161,219.4,9998.7,8.23,184.2,48.8
41434,0.42,18.2,28.4,56.6,S355,355,Headed Stud,22,1417.32,77.11,120,159.2,10573.9,6.71,345.8,82.5
41404,0.55,10.8,41.5,29.6,S275,275,Angle Connector,20,1575.816,80.47,197,127.4,17065.4,7.25,287.3,82.3
37259,0.46,40.8,0.9,37.7,S275,275,Perfobond Ribbon,20,1871.472,95.71,102,153.5,9100.9,8.93,236.6,57.9
36588,0.41,25.5,29.5,86.4,S355,355,Headed Stud,19,1338.072,68.28,161,123.9,11825.8,6.43,208.1,54.5
38105,0.51,18.9,15.7,78.5,S275,275,Headed Stud,19,1219.2,70.1,127,167.5,9794.4,6.07,215.6,62.4
37976,0.49,15.7,6.3,51.8,S460,460,Headed Stud,19,1691.64,95.4,145,215.4,11320.8,7.99,214.5,61.7
39152,0.48,33.7,15.8,29.2,S460,460,Headed Stud,22,1405.128,83.21,106,139.5,9654.5,7.19,309.4,68.3
37393,0.42,41.2,44.7,25.4,S355,355,Headed Stud,22,1426.464,73.15,130,60.7,9966.6,7.28,268.6,58.6
32362,0.29,44.5,8.8,79.1,S355,355,Headed Stud,19,1828.8,104.55,171,187.2,8200.3,8.93,150.1,36.2
41007,0.5,12.4,34.6,94.1,S275,275,Headed Stud,19,1517.904,89.61,121,135.6,10575.7,7.38,254.7,79.7
37828,0.42,29.5,22.5,26.6,S355,355,Headed Stud,16,1164.336,60.05,143,136.7,11165.4,5.49,154.1,60.9
34266,0.44,35.7,15.3,58.3,S355,355,Headed Stud,16,1584.96,86.56,139,153.8,8185.7,7.53,118.4,43.8
29703,0.46,2,1.2,66,S355,355,Headed Stud,19,1703.832,97.84,162,263.8,6695.8,8.47,129.2,27.2
33958,0.37,1,31.8,49.6,S355,355,Perfobond Ribbon,20,1112.52,61.26,155,235.8,9018.6,5.76,192.5,42.5
38663,0.33,17.2,49.1,59.5,S355,355,Headed Stud,19,1219.2,71.02,141,133.8,11392.8,5.97,223.1,65.5
29637,0.3,32.3,9.2,74.1,S355,355,Headed Stud,16,1578.864,85.65,168,251.6,7318.8,7.74,89.3,27
30090,0.29,9.5,38.2,88.8,S355,355,Headed Stud,16,1716.024,88.7,125,243.6,5365.3,8.38,93.3,28.4
41084,0.54,28,10.8,62.4,S460,460,Headed Stud,22,1450.848,77.11,198,131.7,16630.6,7.53,343.4,80.2
38068,0.5,15.5,12.2,64.3,S355,355,Headed Stud,19,1484.376,88.09,162,179.4,12992.4,7.47,218.8,62.2
40930,0.37,27.8,40.8,87.1,S355,355,Headed Stud,16,1487.424,96.62,135,97.2,11588.2,7.41,181.6,79.2
38395,0.49,24.8,16,69.6,S460,460,Perfobond Ribbon,20,1359.408,75.9,144,139.8,11406.8,6.61,250.6,64
41629,0.36,11.6,34.6,95.1,S460,460,Perfobond Ribbon,20,1581.912,83.82,174,167.6,17679.9,7.47,294.1,83.8
36588,0.53,42.4,33.9,90.1,S355,355,Headed Stud,19,1679.448,95.1,145,43.7,10862.3,8.32,203.6,54.5
33068,0.49,3.1,33,78.5,S275,275,Perfobond Ribbon,20,1712.976,101.5,198,161.6,9243.1,8.6,177.8,38.9
33321,0.37,0.6,6.7,1.2,S690,690,Perfobond Ribbon,20,1359.408,71.63,104,331.6,5976,6.61,179.3,39.9
35088,0.54,6.8,12.6,74.5,S690,690,Headed Stud,16,2084.832,117.65,146,192,9168.9,9.88,131.8,47.4
32362,0.48,42.2,40.7,82.9,S355,355,Angle Connector,20,1517.904,85.95,106,42.4,5047.3,7.53,165.7,36.2
35846,0.46,15.6,48.9,58.3,S355,355,Headed Stud,19,1030.224,61.57,151,94.4,10636.8,4.72,189.8,50.9
40379,0.36,18.4,28.9,19.8,S275,275,Headed Stud,16,1813.56,90.53,182,199.3,16003.8,8.66,173,75.7
33195,0.41,5.5,6.4,28.4,S355,355,Headed Stud,19,1472.184,81.38,171,296.3,8686,7.41,163.9,39.4
36568,0.33,23.1,1.8,82.8,S355,355,Headed Stud,22,1240.536,67.97,173,266.4,12088.5,6.19,271.9,54.4
34006,0.5,29.7,3.1,12.1,S355,355,Headed Stud,16,1676.4,92.05,142,192.4,8812.2,8.38,119,42.7
38822,0.35,13.8,45.8,72.8,S355,355,Headed Stud,19,1731.264,100.58,106,137.8,9570.1,7.68,224.9,66.4
33170,0.37,35.7,18.8,2.1,S460,460,Perfobond Ribbon,20,1679.448,85.34,106,187,5810.7,8.02,179.6,39.3
30801,0.44,6.2,29.1,72.3,S460,460,Headed Stud,19,1813.56,90.83,147,195.9,6951.6,9.17,141.1,30.7
38874,0.52,20,14.6,2.5,S355,355,Headed Stud,16,2023.872,106.98,184,158.7,14599.6,9.75,162.6,66.7
29833,0.34,43.6,34.6,29.6,S275,275,Headed Stud,19,1036.32,58.52,163,89.5,6340.1,4.79,130,27.6
40298,0.32,16.3,10.2,89,S460,460,Headed Stud,19,1469.136,81.08,101,277.8,9728.9,7.22,244,75.2
40976,0.36,24.1,17.8,24.3,S355,355,Perfobond Ribbon,20,1536.192,76.81,120,193.3,10563.1,7.19,285.6,79.5
36788,0.51,25.4,40.1,69.8,S275,275,Perfobond Ribbon,20,1581.912,92.35,110,86.8,8786.8,7.16,226.4,55.5
37064,0.49,34.7,39.2,82.5,S355,355,Headed Stud,16,1338.072,74.37,195,66.3,12678.8,6.31,144.3,56.9
35110,0.32,24.2,16.6,78.1,S355,355,Headed Stud,19,1313.688,80.47,180,225.4,9530.1,6.28,183.3,47.5
36986,0.49,11.1,7.4,56.1,S355,355,Headed Stud,16,1066.8,56.39,140,224.3,10767.6,5.15,143.6,56.5
39576,0.3,22.2,1.2,25.3,S355,355,Headed Stud,22,1078.992,61.26,198,318.5,16354.5,5.03,311.8,70.8
35242,0.37,33.8,20.6,30.1,S355,355,Headed Stud,19,1621.536,82.6,110,160.7,7001.4,7.16,182.9,48.1
31010,0.51,24.8,45.7,48.1,S355,355,Perfobond Ribbon,20,1560.576,87.78,154,76.5,6613.5,7.71,151.7,31.4
35888,0.44,3.4,42.7,72.7,S355,355,Angle Connector,20,1588.008,92.96,179,160.1,11524.1,7.53,217.4,51.1
41176,0.4,28,5.2,81.9,S275,275,Headed Stud,19,1280.16,66.45,186,199.5,16654,6.16,251.4,80.8
40234,0.43,19.5,26,20.7,S355,355,Headed Stud,22,2103.12,117.35,163,177.5,14000.7,9.78,328.2,74.8
30680,0.42,1.9,5.2,49.6,S460,460,Headed Stud,22,1063.752,67.06,173,279.3,7626.1,4.75,179.3,30.3
32335,0.33,44.5,8.2,76.7,S460,460,Headed Stud,19,1606.296,86.26,112,171.5,5263.2,7.19,149.6,36.1
38681,0.3,44.6,6.2,27.2,S355,355,Headed Stud,16,1798.32,103.33,165,227,13467.1,8.69,158.4,65.6
41554,0.31,24.3,30.4,29.6,S690,690,Headed Stud,16,2014.728,105.77,165,174.3,14325.7,9.57,185.2,83.3
32940,0.31,0.6,47.7,41.8,S355,355,Headed Stud,19,1252.728,81.38,167,221.2,8469.8,5.82,158.8,38.4
40039,0.53,1.6,6.7,93.8,S275,275,Headed Stud,19,1459.992,86.87,108,213.8,9493.3,6.98,244.4,73.6
37045,0.51,27.4,36,69.6,S355,355,Headed Stud,16,1548.384,87.48,110,93.8,9456.4,7.22,144.1,56.8
40379,0.33,29.7,29.3,61.4,S355,355,Headed Stud,19,1575.816,85.04,148,169.7,12067.6,7.22,245.9,75.7
39826,0.31,5.7,15.8,30.8,S355,355,Headed Stud,19,1953.768,109.12,131,300.2,11761.7,9.39,240.3,72.3
29670,0.55,39.1,26.1,54.4,S355,355,Headed Stud,19,1740.408,95.1,169,97.9,7407.7,8.69,127.5,27.1
40282,0.53,17.7,18.8,65.8,S275,275,Headed Stud,16,1612.392,93.27,127,162.2,11217.2,7.86,174.2,75.1
31128,0.45,37.2,2.3,78.9,S275,275,Headed Stud,19,1176.528,64.92,162,162.4,6576,5.64,143.8,31.8
41237,0.33,36.4,17.9,43.2,S460,460,Headed Stud,16,1459.992,81.69,112,185.2,9768.3,6.46,184.1,81.2
30921,0.41,24.9,47,44.2,S460,460,Headed Stud,19,1356.36,74.98,167,93.6,7426,6.55,140.8,31.1
29471,0.34,11.9,15.5,89.2,S355,355,Headed Stud,16,1210.056,61.87,173,246.6,7531,5.61,89.7,26.5
31954,0.38,2.3,24.1,44.8,S275,275,Headed Stud,16,1819.656,98.15,186,271,8068.6,8.5,106.6,34.7
37790,0.53,35.1,16.2,31.2,S355,355,Headed Stud,19,2066.544,124.66,121,128.6,9889.5,10.3,215.1,60.7
36345,0.35,22.8,13.8,61.2,S355,355,Perfobond Ribbon,20,1828.8,106.38,104,206.9,8294.2,9.3,217.4,53.3
31981,0.36,28.2,37.4,83.7,S355,355,Perfobond Ribbon,20,1447.8,78.94,159,138.8,7015.7,7.01,158.9,34.8
40234,0.53,32.8,37.7,43.8,S355,355,Perfobond Ribbon,20,1484.376,78.33,192,90.1,15849.7,7.35,271.6,74.8
36749,0.38,36.4,39.8,16.4,S355,355,Headed Stud,16,990.6,50.6,200,97.9,12225.2,4.42,146.5,55.3
32522,0.42,0.6,40.7,42.5,S275,275,Headed Stud,19,1837.944,95.1,192,189.9,8743.9,8.41,158.4,36.8
30342,0.29,10.4,0.1,37.9,S355,355,Headed Stud,19,1399.032,83.82,117,373.4,5316.8,6.64,134.4,29.2
36242,0.38,28.3,46.7,51.4,S355,355,Headed Stud,16,1429.512,75.59,189,79.4,11672.1,7.22,136.9,52.8
35782,0.47,39.2,24.7,50.4,S275,275,Headed Stud,16,1950.72,112.47,182,102.6,10988.5,9.3,136.5,50.6
33470,0.49,3.9,30.4,42.8,S355,355,Headed Stud,19,1011.936,59.44,104,186.2,5882.5,5.06,163.5,40.5
39676,0.5,42.4,3,65.9,S355,355,Headed Stud,22,2017.776,122.22,159,136.5,13948.4,9.45,309,71.4
36966,0.34,14.1,23.4,43.6,S460,460,Headed Stud,19,1514.856,82.6,122,220.6,9802.2,7.04,207.4,56.4
41359,0.37,3.6,1.3,80.2,S690,690,Headed Stud,19,1652.016,94.79,120,323,10881.1,7.92,263.9,82
35547,0.43,29.6,27.9,59.2,S355,355,Angle Connector,20,1691.64,93.88,153,124.2,10709,7.99,204.6,49.5
35993,0.5,9.4,45.8,98.2,S460,460,Headed Stud,19,1490.472,83.21,125,104.9,9344.6,7.04,192.3,51.6
37103,0.55,44.6,37.1,69,S275,275,Headed Stud,16,1444.752,72.54,184,49.4,12326.7,7.1,150.2,57.1
34499,0.49,36.2,2.8,65.9,S275,275,Headed Stud,22,1432.56,76.2,147,168.2,8886.9,6.77,235.1,44.8
34101,0.38,22.6,30.7,91.2,S690,690,Perfobond Ribbon,20,1880.616,102.11,142,154.4,8795.7,8.99,192.6,43.1
34728,0.34,9.7,37.1,71.5,S355,355,Angle Connector,20,1661.16,103.02,157,193.5,9118.3,7.59,198.5,45.8
38413,0.37,10.2,32.1,83,S460,460,Angle Connector,20,1161.288,64.01,135,214,10644.1,5.97,242.1,64.1
37412,0.3,41.5,31,67.2,S690,690,Headed Stud,19,1719.072,92.35,197,140.9,13670.8,7.62,213.6,58.7
35021,0.42,19.1,44,37.6,S690,690,Headed Stud,19,1359.408,79.86,119,137.5,7358.9,6.37,180.9,47.1
33220,0.51,26.3,18.4,99.5,S355,355,Headed Stud,16,1472.184,84.43,153,134.7,8116.4,6.49,113.7,39.5
31871,0.29,30,18.6,64.7,S690,690,Perfobond Ribbon,20,1752.6,104.85,197,201.9,8472.7,8.5,164.7,34.4
33544,0.44,37.5,3.6,84.2,S355,355,Angle Connector,20,1243.584,83.21,138,151.7,7810.3,5.91,185.6,40.8
34290,0.53,5.2,35.8,26.6,S275,275,Headed Stud,19,1859.28,91.44,123,151.5,6634.2,8.47,175.1,43.9
41449,0.3,22.9,1.5,63.6,S355,355,Headed Stud,22,1676.4,96.01,166,308.7,15434.6,8.02,347.9,82.6
32469,0.41,27,49.4,13.2,S355,355,Perfobond Ribbon,20,1066.8,58.22,185,104.5,8652.6,5.21,170.6,36.6
40649,0.31,41.7,49.3,11,S355,355,Headed Stud,19,1856.232,102.41,184,48.3,15948.6,9.02,246.3,77.4
37994,0.47,3.5,32.9,56.6,S355,355,Headed Stud,16,1405.128,76.81,143,190.6,11311.8,6.64,150.9,61.8
34864,0.42,5,49.6,21.7,S275,275,Perfobond Ribbon,20,1712.976,97.54,193,159.2,9900.4,8.35,200.4,46.4
41718,0.5,22,24.7,9.4,S355,355,Headed Stud,16,1514.856,78.33,112,142.4,10038.9,7.25,185.1,84.4
39048,0.41,27.1,46,98.4,S275,275,Headed Stud,19,984.504,50.6,150,100.7,11617.9,4.54,229.6,67.7
29865,0.45,7.5,44.4,34.7,S460,460,Headed Stud,16,1325.88,76.81,148,150.7,6769.1,6.74,90.5,27.7
32706,0.31,31.2,15.6,78.3,S355,355,Headed Stud,19,1847.088,101.19,194,200.3,8928.6,8.84,160.6,37.5
29735,0.44,9.8,31.3,39.5,S460,460,Headed Stud,16,1612.392,86.56,126,187.7,5517.2,7.96,88.5,27.3
29438,0.3,23.8,35.5,94.9,S690,690,Headed Stud,22,1694.688,93.57,115,151,5272.5,8.08,171.6,26.4
32548,0.46,6.6,19.5,72.5,S355,355,Perfobond Ribbon,20,1478.28,83.21,175,208.7,9108.1,7.44,166.8,36.9
34909,0.52,44.2,20.7,16.3,S275,275,Headed Stud,16,1703.832,117.65,145,104.2,9053.2,8.41,129.3,46.6
37621,0.35,1.8,35.7,18.6,S275,275,Headed Stud,19,1581.912,88.09,163,256,12423.9,7.47,216.9,59.8
40202,0.49,6.1,9.1,12.8,S275,275,Headed Stud,22,1865.376,97.54,144,223.5,12321.2,8.66,332.6,74.6
37659,0.45,22.1,22.3,81.4,S355,355,Perfobond Ribbon,20,1648.968,97.84,172,166.7,13683.1,7.47,231.9,60
39826,0.38,14.1,8.6,14.6,S690,690,Headed Stud,16,1331.976,70.1,128,263.2,11425.9,6.64,171.5,72.3
29538,0.52,17.5,8.8,37.1,S460,460,Headed Stud,19,1679.448,89,137,174.3,5911.9,8.23,123.6,26.7
38892,0.3,31.5,7.5,91,S355,355,Headed Stud,16,1328.928,71.63,132,225.6,11308.6,6.58,158.7,66.8
30496,0.52,0.7,30.9,17.4,S275,275,Headed Stud,19,1752.6,90.22,166,193.6,7304.9,8.66,132.8,29.7
32254,0.34,17.9,42.6,42.3,S355,355,Perfobond Ribbon,20,1630.68,84.43,115,151.1,5339,7.83,158.4,35.8
32991,0.48,33.6,22.7,77.2,S355,355,Angle Connector,20,1255.776,70.41,199,110.6,9150.4,5.85,176,38.6
37355,0.53,26.8,9.9,92.4,S355,355,Headed Stud,19,1316.736,73.76,182,158.1,13105.2,6.13,210.4,58.4
35993,0.44,15.2,26.8,90.8,S275,275,Headed Stud,16,1429.512,90.83,146,159.9,10786.1,6.92,132.6,51.6
39974,0.45,24,4.1,79.9,S355,355,Headed Stud,19,1524,89.61,135,200.2,11579.3,7.53,240.6,73.2
34751,0.28,5.8,45,64.2,S460,460,Headed Stud,19,1810.512,112.78,175,226.6,9669.7,8.41,183.5,45.9
37162,0.52,31.9,46.1,63.9,S275,275,Headed Stud,16,1289.304,76.5,195,50.4,12378.3,6.4,149.2,57.4
34290,0.53,27.1,18.8,95.8,S460,460,Perfobond Ribbon,20,1466.088,82.91,171,119.2,9370.3,6.46,183.5,43.9
33245,0.35,21.8,46.5,79.8,S355,355,Headed Stud,16,1719.072,104.24,165,136.3,8353.3,8.26,113.6,39.6
35951,0.4,34,38.3,92.7,S355,355,Headed Stud,19,1609.344,81.99,187,70.8,11608.9,7.32,196.1,51.4
33119,0.33,32.7,28,25.7,S460,460,Headed Stud,16,1578.864,78.33,199,163.2,9061.1,7.96,113.9,39.1
39660,0.39,27.6,45.5,51.4,S355,355,Headed Stud,16,1588.008,91.14,158,104.5,13576.3,7.86,174,71.3
41084,0.39,26.4,23.2,39.1,S690,690,Perfobond Ribbon,20,1228.344,66.14,127,156,11608,6.04,292.1,80.2
40743,0.36,15.3,4.9,38.9,S355,355,Headed Stud,22,1847.088,86.56,118,292,10720.7,9.02,340.7,78
35176,0.54,24.8,44.4,64.2,S275,275,Headed Stud,16,1368.552,76.2,108,69.8,6737.1,6.1,132.3,47.8
31418,0.37,33.9,24.6,53.2,S355,355,Headed Stud,16,1313.688,74.98,123,145.4,5449.7,6.16,103.2,32.8
33618,0.49,42.6,25.8,1.2,S355,355,Headed Stud,16,1569.72,92.35,145,104.6,8649.2,7.89,116.9,41.1
31069,0.52,8.8,22.6,50.9,S275,275,Headed Stud,16,1524,84.73,175,186.6,7687.6,7.22,98.5,31.6
30980,0.34,6.9,5.7,55.7,S355,355,Perfobond Ribbon,20,1572.768,82.91,116,326.2,5225.5,7.28,159.8,31.3
40522,0.52,12.6,24.9,3,S355,355,Headed Stud,19,1322.832,74.98,157,180.3,13283.4,6,244.3,76.6
34909,0.38,9.1,28.2,90.3,S275,275,Headed Stud,16,1274.064,73.15,189,198.3,9660.1,6.34,129.6,46.6
41191,0.47,42,20.7,35.6,S275,275,Headed Stud,19,1603.248,87.78,166,99.8,14573.2,7.96,255.3,80.9
38413,0.55,1.9,6,29.8,S275,275,Headed Stud,19,1481.328,80.16,130,225.3,9880.1,7.07,227.9,64.1
35110,0.47,42.2,47.4,36,S275,275,Headed Stud,19,1606.296,92.96,120,51.6,7302.7,6.92,182.3,47.5
35504,0.41,19.1,41.4,66.8,S355,355,Headed Stud,22,1484.376,75.29,165,109,10733.3,7.41,257,49.3
38698,0.32,32.3,44.5,53.3,S460,460,Headed Stud,22,1819.656,93.27,175,118.6,14475.5,8.78,313.6,65.7
36848,0.39,35.4,16.1,13,S275,275,Headed Stud,16,1584.96,91.74,109,160.4,8628.7,7.5,141.8,55.8
35547,0.34,24.1,18.7,37.7,S275,275,Perfobond Ribbon,20,1712.976,88.09,140,229.6,10342.2,8.17,207.4,49.5
37336,0.39,23.9,39,8.1,S460,460,Headed Stud,19,1386.84,77.11,149,134.3,11171.9,6.83,210.8,58.3
29865,0.55,5.6,29.5,91.7,S355,355,Angle Connector,20,1085.088,71.32,133,140.2,5560,5.09,145.1,27.7
39408,0.39,17.3,8.8,45.8,S275,275,Headed Stud,22,1152.144,66.14,101,235.1,9210.7,5.49,309,69.8
35198,0.5,39.4,22.2,97.8,S355,355,Headed Stud,19,1386.84,70.1,120,102.6,7131.7,6.74,183.5,47.9
39237,0.35,1.3,33.7,42.3,S355,355,Headed Stud,19,1615.44,86.26,133,228.2,11478.2,7.38,230.2,68.8
32200,0.55,5.1,7.9,15.1,S690,690,Headed Stud,19,1840.992,102.72,160,202.3,7689.8,9.08,150.3,35.6
39357,0.35,3.6,2.6,19.9,S690,690,Headed Stud,19,1197.864,74.37,188,335.3,15552.7,5.94,240.6,69.5
37828,0.46,33.5,36.2,0.3,S355,355,Headed Stud,19,1639.824,96.93,180,81.3,13743.6,7.59,221.4,60.9
30342,0.53,29.6,34.2,20.9,S355,355,Headed Stud,19,1868.424,112.78,176,94.3,7575.6,9.57,134.7,29.2
35176,0.41,24.7,17.8,9.1,S460,460,Headed Stud,19,1249.68,66.45,135,168.8,8420.9,5.91,181,47.8
39974,0.42,19,25.2,47.1,S690,690,Headed Stud,19,1706.88,98.45,194,176.7,16142.9,8.14,233.5,73.2
41146,0.5,6.3,25,74.4,S275,275,Angle Connector,20,1536.192,91.44,126,169.9,11403.9,7.59,288.8,80.6
40072,0.34,14.5,47.1,1.2,S690,690,Headed Stud,16,1368.552,77.11,154,159.3,12340.1,6.31,175.6,73.8
35154,0.39,43.2,35.1,45.5,S355,355,Headed Stud,19,1466.088,70.1,150,56.7,9140.2,7.25,181.6,47.7
37939,0.45,32.5,15,96.8,S355,355,Headed Stud,19,1517.904,85.95,162,144.5,12858.1,7.28,216.8,61.5
37640,0.48,24.3,39.2,47,S355,355,Headed Stud,19,1691.64,102.11,128,102.9,9843.7,8.5,206.8,59.9
36828,0.45,4,35.4,52.4,S460,460,Headed Stud,19,1743.456,92.35,110,191.1,8883.8,8.53,203.7,55.7
29404,0.39,36.4,13.5,54.6,S355,355,Headed Stud,19,1530.096,81.38,177,150.9,7677.9,7.53,120.7,26.3
37976,0.35,36.1,31.1,57.4,S355,355,Headed Stud,16,1417.32,81.99,177,129.3,14066,6.83,155.9,61.7
41449,0.39,10.6,16.2,79.8,S460,460,Headed Stud,16,1996.44,121.01,169,231.2,15706.1,8.99,182.7,82.6
30980,0.41,31.6,0.3,27,S355,355,Headed Stud,19,1572.768,87.17,146,212.5,6451.2,7.59,140.5,31.3
29703,0.54,35.7,20,0.3,S460,460,Headed Stud,22,1597.152,90.22,182,126.3,8014.2,8.14,171.4,27.2
30404,0.38,26.3,28.4,20.6,S355,355,Headed Stud,19,1036.32,60.96,168,177.1,7269.8,4.94,132.9,29.4
39743,0.51,7.9,21.5,18.1,S690,690,Headed Stud,16,1024.128,57.61,100,194.9,9687.2,5.24,170.9,71.8
38086,0.37,21.7,9,4.3,S355,355,Headed Stud,19,1530.096,83.82,103,226.4,9235.6,6.95,212,62.3
38232,0.38,10,26.9,92.1,S460,460,Headed Stud,22,1335.024,76.2,104,190.4,9280.5,6.31,295.9,63.1
35846,0.32,2.6,37.7,37.6,S355,355,Headed Stud,19,1914.144,102.41,160,268.6,11181.8,8.75,193.6,50.9
40837,0.4,19.7,28.2,75.2,S355,355,Headed Stud,16,1600.2,85.95,174,170.4,15938.4,8.05,179.7,78.6
33982,0.47,29.5,26.8,87.3,S355,355,Headed Stud,22,2005.584,119.48,198,99.7,9504.8,9.3,228.2,42.6
30090,0.53,19.3,12.5,90,S275,275,Headed Stud,19,1139.952,64.31,132,164,5385.6,5.58,130.2,28.4
40945,0.34,17.7,14.1,68.2,S355,355,Headed Stud,19,1825.752,101.8,170,269.4,15387.9,8.66,253.5,79.3
40837,0.47,0.8,44.8,32.2,S355,355,Headed Stud,19,1569.72,92.35,104,150.5,9835.2,8.2,249.5,78.6
39031,0.37,26.9,7.9,5.2,S355,355,Headed Stud,19,1033.272,56.69,198,216.1,14985.4,5.36,225.6,67.6
37259,0.5,31.6,8,85.7,S355,355,Perfobond Ribbon,20,1527.048,85.95,141,154.9,10826.6,7.22,231.8,57.9
33296,0.5,9.4,43.9,27.3,S460,460,Headed Stud,16,1469.136,74.68,121,137.4,6142.5,6.4,113.4,39.8
39065,0.37,11.6,11.5,82.7,S355,355,Headed Stud,16,1990.344,122.22,121,256.2,10579.2,9.45,158.8,67.8
34614,0.51,24.3,4.4,17.5,S275,275,Headed Stud,16,1392.936,74.37,168,172.2,9497.1,6.25,127.9,45.3
30980,0.41,42,4.2,3.7,S355,355,Headed Stud,19,1664.208,81.38,151,191.4,6416,7.53,139.2,31.3
32064,0.36,23.7,21.5,62.8,S275,275,Headed Stud,19,1581.912,92.05,171,191.2,7833.7,7.74,146.8,35.1
41792,0.4,15.3,37.9,0.8,S460,460,Headed Stud,19,1530.096,88.7,102,160.9,9724.2,7.5,268.3,84.9
29404,0.37,32.6,20.1,85.7,S355,355,Headed Stud,19,2072.64,116.74,110,152.6,4998,10.24,123.8,26.3
41404,0.4,23.4,14.7,4.9,S275,275,Headed Stud,19,1130.808,67.06,131,224.2,12053.1,5.55,266.2,82.3
38214,0.5,29.6,36.6,36.6,S460,460,Perfobond Ribbon,20,1975.104,107.29,169,104.4,13567.4,9.36,251,63
39271,0.42,7.2,33.4,87.8,S460,460,Headed Stud,16,1524,92.35,153,183.1,12048.4,7.5,165.1,69
29404,0.37,11,23.8,50.5,S460,460,Headed Stud,19,1792.224,102.72,117,230.9,5366.8,8.44,122.5,26.3
41038,0.44,22.6,10.3,1.5,S355,355,Headed Stud,22,1606.296,92.05,107,192,9579.3,7.68,341.8,79.9
34842,0.51,12.4,36,3,S690,690,Headed Stud,16,1447.8,82.3,167,158.1,9743.4,6.77,127.3,46.3
40266,0.49,7,22.3,35.4,S690,690,Headed Stud,22,1749.552,98.45,126,196.8,11381.8,8.17,327.3,75
36056,0.35,36.9,24,84.5,S275,275,Headed Stud,19,1926.336,97.84,187,152.5,11282.7,9.02,192.8,51.9
32522,0.53,40.8,19.8,10.4,S460,460,Headed Stud,22,954.024,49.68,151,104.7,7720.7,4.45,210.8,36.8
39676,0.45,26.5,0.6,52.4,S460,460,Headed Stud,16,1764.792,112.78,113,198.9,9876.5,8.78,169,71.4
38105,0.43,17.8,35.8,90.2,S690,690,Perfobond Ribbon,20,1155.192,61.26,133,124.7,10635.3,5.55,242.5,62.4
40169,0.46,24.4,26.8,94.5,S690,690,Perfobond Ribbon,20,1234.44,70.41,172,124.4,15967.3,6.1,266.9,74.4
38979,0.46,4,14.3,94.6,S460,460,Headed Stud,19,1557.528,83.21,102,230.1,9522.2,8.08,227.5,67.3
32811,0.52,19.6,23,66.2,S460,460,Headed Stud,19,1048.512,52.73,103,156.3,5522.4,5.06,157.6,37.9
31390,0.35,35.2,39,22.4,S355,355,Perfobond Ribbon,20,1249.68,76.2,195,125.6,7971.2,5.94,154.5,32.7
29735,0.35,10.5,14.9,25.3,S355,355,Headed Stud,16,1804.416,101.19,102,264.3,5121.2,9.2,90.5,27.3
38068,0.54,37.8,30.7,44.2,S355,355,Headed Stud,22,1082.04,60.05,104,90.6,9555.5,4.94,298.1,62.2
40039,0.37,14.5,44.1,59.8,S355,355,Headed Stud,19,1633.728,85.65,195,157.6,16058.7,7.71,240.6,73.6
40474,0.34,12.7,15.5,13.8,S355,355,Headed Stud,19,1584.96,85.65,101,258,9567.8,7.74,244.1,76.3
30279,0.54,6.1,49.1,19,S355,355,Headed Stud,19,1901.952,113.69,149,105.8,6539.9,9.39,135.2,29
32654,0.41,37,37.7,90.1,S275,275,Headed Stud,16,1886.712,118.87,157,73.2,7811.2,9.17,112.5,37.3
32227,0.54,2.9,14.5,32.1,S355,355,Headed Stud,22,1371.6,76.5,166,189.8,8185.1,6.68,209.8,35.7
41733,0.29,40.6,17.9,60.4,S355,355,Headed Stud,19,1374.648,79.86,103,163.3,9680.4,6.61,268,84.5
38556,0.42,43.1,40.2,12.3,S355,355,Headed Stud,16,1191.768,71.32,133,63.5,10876.4,5.88,159.5,64.9
35154,0.33,38.6,19.7,5.8,S355,355,Headed Stud,16,1173.48,62.48,185,162.6,9692.3,5.73,133.2,47.7
39254,0.39,15.6,5.2,43.5,S355,355,Perfobond Ribbon,20,996.696,57.91,102,265.9,9645.8,5.03,248,68.9
33934,0.45,28.3,3.8,68.2,S275,275,Perfobond Ribbon,20,1225.296,70.1,135,173.4,7649.2,6,192.7,42.4
39048,0.45,28.2,27.4,59.1,S275,275,Headed Stud,16,1761.744,99.67,138,116.5,11560.1,8.26,159.4,67.7
29030,0.55,42.8,23.5,49.2,S690,690,Headed Stud,19,1956.816,97.54,175,78.2,8045.1,9.78,123.3,25.2
37678,0.48,41.8,21.5,9.3,S460,460,Perfobond Ribbon,20,1551.432,91.14,113,102.6,9443.3,7.19,235.4,60.1
30121,0.4,32.1,24.9,16.1,S690,690,Headed Stud,19,1682.496,90.83,195,127.3,8426.5,8.53,128.5,28.5
34101,0.4,14.5,10.1,83.7,S460,460,Headed Stud,22,1722.12,106.38,192,251.3,9450.6,8.63,226.3,43.1
36568,0.55,7.7,28.6,69.8,S355,355,Headed Stud,19,1219.2,69.49,154,160.3,11172.3,5.91,200.6,54.4
40805,0.29,38.9,7.2,50,S355,355,Perfobond Ribbon,20,2133.6,98.15,175,244.5,16104.2,10.49,283.6,78.4
31815,0.44,2.3,6.6,66.8,S275,275,Headed Stud,19,1469.136,78.94,134,247.9,5583.9,7.32,142.3,34.2
32146,0.38,35.4,48.5,23.2,S355,355,Headed Stud,19,1426.464,70.71,197,59.1,8410,6.92,151.3,35.4
37715,0.5,38.1,41.5,53.4,S460,460,Headed Stud,19,1676.4,89.31,196,63.2,13816.2,8.2,216.9,60.3
36966,0.55,37.8,15.2,61.6,S275,275,Headed Stud,22,1780.032,103.02,136,97.6,10389.8,8.35,273.2,56.4
36056,0.53,43.8,28,24,S355,355,Headed Stud,16,1188.72,64.01,149,63.6,10734.4,5.88,136.7,51.9
34660,0.3,16.5,13.7,65.1,S355,355,Headed Stud,16,1664.208,83.21,146,286.1,8748.1,7.99,126.8,45.5
35972,0.37,27.5,42.6,16.5,S275,275,Headed Stud,22,1728.216,103.63,194,103.4,10945.5,8.17,270.1,51.5
36927,0.34,24.9,2.5,86.7,S355,355,Headed Stud,22,1737.36,91.44,153,262.2,10887.8,8.23,274.6,56.2
37316,0.5,25.5,19.3,89.8,S355,355,Headed Stud,19,1502.664,92.96,179,139.3,13229.8,7.1,211,58.2
31390,0.35,3.7,45.9,2.1,S460,460,Headed Stud,16,1795.272,96.01,131,178.5,5810.9,8.81,99.1,32.7
34453,0.31,0.8,0.1,83.6,S355,355,Headed Stud,19,1539.24,85.34,146,400.5,8713.4,7.19,177,44.6
35308,0.34,13.7,15.6,30.6,S355,355,Headed Stud,19,1737.36,93.88,166,260.1,9379.1,8.5,183.4,48.4
36966,0.44,39.4,31.3,9.4,S275,275,Perfobond Ribbon,20,1362.456,88.39,102,110.3,8993.5,6.83,217.1,56.4
34637,0.46,38.3,28.8,72.4,S690,690,Perfobond Ribbon,20,1377.696,81.08,152,105.9,9219,6.8,197.8,45.4
32495,0.3,2.6,20.2,30.2,S355,355,Headed Stud,19,1405.128,72.85,145,325.2,7565.4,6.92,152.2,36.7
40314,0.53,33.1,24.2,64.7,S355,355,Angle Connector,20,1731.264,105.77,196,113.2,15866.7,8.72,276.4,75.3
37508,0.53,20.8,13.5,71.4,S690,690,Headed Stud,19,1603.248,91.44,185,147.4,13218,7.74,215,59.2
40411,0.32,24.8,27.1,45.2,S690,690,Perfobond Ribbon,20,981.456,53.04,137,215.8,11848.8,4.51,275,75.9
40137,0.46,26.7,28.9,58.8,S355,355,Headed Stud,19,1112.52,68.88,145,122.4,11987.9,5.58,241.3,74.2
41777,0.55,3.7,20.2,57.7,S355,355,Headed Stud,22,1331.976,67.06,147,170.1,12407.9,6.25,347.3,84.8
39203,0.47,15.4,33.5,80,S355,355,Headed Stud,19,1002.792,60.05,159,151.4,13488.7,5.06,231,68.6
34568,0.5,15.6,7.8,36.9,S275,275,Headed Stud,16,1475.232,85.04,135,187.8,8194.9,7.13,125.8,45.1
31646,0.5,37.2,3.5,6.1,S355,355,Perfobond Ribbon,20,1676.4,86.56,161,173.8,6797.8,8.53,167.4,33.6
37470,0.54,1.8,49.3,12,S460,460,Headed Stud,16,1414.272,86.26,101,127.5,9398.3,6.68,152.8,59
39542,0.32,30.4,48,23.1,S275,275,Headed Stud,19,1603.248,95.1,126,74.3,11203.2,7.38,230.5,70.6
40234,0.48,32.7,0.6,78.2,S275,275,Perfobond Ribbon,20,1627.632,90.83,142,174.1,11941.9,7.83,274.5,74.8
32389,0.36,30,10,63,S355,355,Headed Stud,22,1292.352,72.85,167,219.8,8368.2,5.97,209.4,36.3
38503,0.52,39.7,30.9,4.2,S690,690,Headed Stud,16,1795.272,93.27,170,93.7,13914.7,7.96,156.1,64.6
30496,0.31,3.1,21.9,12,S460,460,Headed Stud,19,1240.536,76.5,161,327.1,6931.1,5.79,133.8,29.7
38413,0.37,4.8,9.3,42.9,S355,355,Perfobond Ribbon,20,1499.616,92.35,101,316,9325.1,6.92,250.5,64.1
36097,0.36,25.6,12.9,7.6,S355,355,Headed Stud,19,1219.2,66.75,109,204.4,8309.6,5.88,187.2,52.1
36406,0.54,35.2,29.1,54.7,S355,355,Headed Stud,22,1304.544,71.63,191,96,11790.6,6.13,264.7,53.6
32036,0.39,36,29.9,80.4,S460,460,Headed Stud,16,1441.704,71.93,106,107.6,5138.9,7.32,106.9,35
39776,0.49,2.1,16.5,61.5,S355,355,Headed Stud,19,1127.76,59.44,110,223.4,9568.2,5.61,238.5,72
37201,0.43,2.5,18.4,28.6,S690,690,Headed Stud,19,1173.48,61.87,169,228.1,12665.4,6,209.7,57.6
35132,0.29,12,6.8,89.5,S355,355,Headed Stud,19,1182.624,70.1,183,334.3,9619,5.91,180,47.6
32991,0.55,32.1,40,87.5,S355,355,Headed Stud,16,1606.296,85.95,138,73.6,6807.5,7.83,112.5,38.6
40617,0.43,14.5,22.9,98.1,S460,460,Perfobond Ribbon,20,1642.872,99.97,137,172.5,11742.1,8.23,285,77.2
36868,0.44,44.2,32.7,48.4,S460,460,Headed Stud,16,1880.616,106.07,114,73.6,9443.9,9.02,142.4,55.9
36507,0.51,7.8,10.5,7.1,S460,460,Headed Stud,19,1057.656,56.69,119,218.6,8867.9,5.21,194.6,54.1
37489,0.46,39.5,42.7,55.5,S355,355,Headed Stud,19,1505.712,77.72,111,49.4,9437.2,7.13,210.8,59.1
38214,0.36,17.2,5,92.1,S355,355,Headed Stud,16,1694.688,100.89,198,265.4,14683.6,8.14,158.1,63
36528,0.46,13.5,34.3,22.8,S460,460,Headed Stud,16,1472.184,80.47,161,169.2,11555.6,6.95,145.9,54.2
31303,0.42,37.4,44.2,6.4,S460,460,Headed Stud,19,1484.376,78.03,180,76.2,7916.5,7.01,138.6,32.4
37278,0.37,18.9,1.6,70.3,S355,355,Headed Stud,19,1033.272,51.51,191,270.2,13621.3,5.24,208.8,58
37772,0.54,10.7,17.2,72.4,S275,275,Headed Stud,22,1130.808,60.05,188,169.3,13530.6,5.3,286,60.6
41298,0.51,6.8,14.5,57,S355,355,Headed Stud,16,1603.248,87.48,185,186.5,16674.6,7.62,181.3,81.6
39340,0.52,5.9,17.7,40.5,S275,275,Headed Stud,16,1286.256,74.98,145,180.9,12024.3,5.94,165.9,69.4
33195,0.34,17.8,22.7,33.5,S355,355,Headed Stud,22,1271.016,71.02,172,247.3,8765.3,5.91,216.5,39.4
33594,0.29,42.6,22.3,72.6,S690,690,Headed Stud,19,1731.264,87.48,197,171.6,9485.5,8.11,169.9,41
40490,0.32,3.7,17.7,52.9,S355,355,Headed Stud,22,1597.152,85.95,159,318.9,13806.8,7.8,339,76.4
34932,0.43,44.9,17.7,48.9,S275,275,Headed Stud,19,1548.384,81.99,126,112,8050.3,7.59,176.9,46.7
38031,0.45,19.9,21.2,96.1,S355,355,Angle Connector,20,1146.048,60.05,199,171.2,14187.2,5.7,242.7,62
39254,0.3,40.5,32.2,12.8,S355,355,Headed Stud,22,1292.352,71.63,165,132.6,13687.5,6.37,310,68.9
30153,0.4,17.2,33.2,2.5,S275,275,Headed Stud,19,1459.992,75.59,101,155.8,5128.8,7.71,128.4,28.6
35417,0.52,38.8,39.5,39.2,S460,460,Headed Stud,16,1283.208,78.64,158,67.5,10150.7,6.25,134.9,48.9
39013,0.31,0.3,17.3,63.2,S275,275,Headed Stud,16,1743.456,98.45,139,351.5,11665.6,8.87,167.5,67.5
41434,0.29,28.2,31.6,51.1,S275,275,Headed Stud,16,1115.568,59.13,160,196.5,14199.7,5.21,185.5,82.5
31361,0.36,12,13.9,3.6,S460,460,Headed Stud,19,2048.256,100.58,145,274.9,6697,9.51,140.9,32.6
30435,0.38,13.3,39.3,0.8,S355,355,Headed Stud,19,1356.36,71.32,195,184.2,8027.7,6.4,130.6,29.5
41703,0.45,20.5,37.1,35.7,S690,690,Angle Connector,20,1508.76,83.82,168,138.6,16542.1,6.68,298.1,84.3
39990,0.31,44.4,15.7,39.3,S355,355,Perfobond Ribbon,20,1520.952,88.7,106,187.9,9537.2,7.16,271.8,73.3
39776,0.37,11.3,48.1,80.2,S355,355,Angle Connector,20,1962.912,118.87,142,124.8,11762,9.75,274.9,72
29064,0.32,12.3,41.7,95.7,S460,460,Headed Stud,19,1438.656,81.38,138,184.7,5775.6,7.13,122.3,25.3
40711,0.53,32.5,22.7,60.6,S355,355,Perfobond Ribbon,20,1627.632,87.17,184,113.9,15924.2,8.14,283.6,77.8
41479,0.29,13.9,42.7,11.2,S460,460,Headed Stud,19,1423.416,82.3,114,207.7,9968.6,6.52,262.7,82.8
33789,0.31,25.1,18.4,26.4,S275,275,Headed Stud,19,1271.016,59.13,106,235.4,6068.3,6.43,169,41.8
39048,0.41,5.8,20.8,95.6,S355,355,Headed Stud,22,1112.52,67.67,174,235.7,14898.6,5.46,316.7,67.7
39743,0.53,33.8,1.2,6.5,S355,355,Headed Stud,16,1691.64,90.53,102,153.8,9886.3,8.05,172.5,71.8
33321,0.35,14.6,18,14.4,S355,355,Headed Stud,16,1484.376,80.77,149,259.4,8215.7,7.16,114.3,39.9
40601,0.34,21.1,49.3,92,S355,355,Perfobond Ribbon,20,1453.896,85.65,171,132,15707.5,7.04,271.6,77.1
41404,0.47,28.1,20.5,24.1,S355,355,Headed Stud,19,1636.776,92.96,181,151.7,17190.3,8.17,259.2,82.3
32785,0.44,3.8,4.4,11.6,S355,355,Headed Stud,19,1670.304,90.22,183,255.9,8888.9,8.23,161.3,37.8
39693,0.37,0.6,35.7,17.5,S460,460,Headed Stud,16,1179.576,63.4,181,215.1,15810.2,5.46,169.4,71.5
39289,0.35,31.5,49.3,15.3,S355,355,Headed Stud,22,1694.688,100.28,110,62.8,9756.5,7.99,307.8,69.1
41807,0.5,43.8,16.7,42.7,S355,355,Headed Stud,22,1432.56,74.68,189,98.2,18471.2,7.13,355.4,85
30058,0.5,16.2,46.6,38.9,S460,460,Headed Stud,22,1143,63.4,170,114.1,7513.9,5.33,172.9,28.3
34954,0.37,32.1,47.8,60.2,S460,460,Headed Stud,16,1139.952,64.31,149,70.5,9081.5,5.39,125.1,46.8
38645,0.49,34.7,28.3,4.5,S355,355,Headed Stud,22,1655.064,101.19,188,117,14552,7.77,297.1,65.4
38874,0.43,29.5,4.7,98.5,S355,355,Headed Stud,19,1834.896,89.61,156,203.2,12001.3,8.23,231.9,66.7
31099,0.52,12.9,34.6,44.1,S460,460,Headed Stud,19,950.976,46.94,164,149.5,7230.1,4.63,143.6,31.7
40331,0.53,38.9,13.1,64.1,S355,355,Perfobond Ribbon,20,1258.824,67.67,104,115.8,9882.6,5.36,277.6,75.4
39859,0.42,6.2,49.1,80.2,S460,460,Headed Stud,16,1524,82.91,142,152.1,11825.4,7.59,172.6,72.5
33371,0.39,39.3,30.4,85.8,S355,355,Headed Stud,19,1216.152,67.06,128,116.4,6650.1,5.61,164.2,40.1
33445,0.29,22.6,47.9,58.2,S460,460,Perfobond Ribbon,20,1603.248,94.79,105,118.5,5811.9,7.56,179.6,40.4
41494,0.38,7.3,32.1,38.2,S275,275,Headed Stud,16,1219.2,64.92,121,224.2,10372.7,6.07,184.8,82.9
31703,0.34,16.5,11.6,26.8,S690,690,Headed Stud,16,1453.896,80.47,134,294.1,6259.3,6.55,105.2,33.8
38751,0.32,24.7,39.6,80.5,S460,460,Headed Stud,19,1432.56,79.86,146,133.4,11712.5,7.62,225.2,66
36689,0.49,22.8,9,26.4,S275,275,Headed Stud,19,1185.672,60.05,191,179.9,12097.7,5.91,203.8,55
33837,0.45,20.3,17.5,24.7,S275,275,Perfobond Ribbon,20,1609.344,80.16,187,189.6,9498.1,7.83,192.1,42
35482,0.52,42.9,15.9,84,S460,460,Perfobond Ribbon,20,1642.872,91.74,146,95.5,10143.5,8.29,212.9,49.2
41718,0.39,31.8,33.5,65.2,S275,275,Headed Stud,16,1859.28,107.9,192,116.1,18057.8,8.44,183.8,84.4
35654,0.35,13.4,27.6,75.6,S355,355,Perfobond Ribbon,20,1463.04,85.95,163,215.7,10955.1,7.01,209.3,50
35590,0.32,5.5,36.7,57.4,S275,275,Perfobond Ribbon,20,1901.952,109.12,136,247,10009.3,9.11,207.6,49.7
36966,0.31,14,16.5,25.8,S355,355,Headed Stud,22,1542.288,81.08,178,311.5,13073.9,6.71,261.7,56.4
37201,0.48,31.5,24.7,6,S275,275,Headed Stud,19,1338.072,73.46,160,136.3,12100,6.74,210.5,57.6
35612,0.35,44.8,2.7,40.4,S355,355,Headed Stud,22,1374.648,87.17,112,188.5,8476.4,6.77,261,49.8
38698,0.43,24.9,26.5,47.4,S355,355,Headed Stud,19,1328.928,80.16,111,151.6,9546.4,6.22,224,65.7
34243,0.44,21.7,47.3,66.1,S355,355,Headed Stud,16,1469.136,85.04,164,110.4,9038.2,6.4,119.6,43.7
37902,0.48,5.2,19.9,6.7,S460,460,Headed Stud,22,1798.32,92.05,129,193.7,10083.1,8.87,284,61.3
29337,0.46,11,4.7,37.4,S460,460,Perfobond Ribbon,20,1176.528,66.14,177,225.1,7882.9,5.64,137.1,26.1
36947,0.51,12.1,23.5,26.8,S275,275,Headed Stud,22,1706.88,90.83,200,183.5,12208.6,7.96,267.8,56.3
31040,0.35,33.2,26.9,5.6,S690,690,Headed Stud,19,1548.384,83.52,143,151.6,6730.6,7.89,142.4,31.5
36467,0.37,37.5,28.4,92.2,S460,460,Perfobond Ribbon,20,1737.36,91.74,110,111.5,8595.6,8.38,213.1,53.9
34932,0.4,25.3,31.6,27.8,S275,275,Headed Stud,19,1953.768,105.77,188,130.5,9883.1,9.05,179.8,46.7
41130,0.41,24,27.8,89.2,S275,275,Headed Stud,19,1950.72,103.63,160,127.3,14140.3,9.2,255.8,80.5
38769,0.33,31.1,41,60.7,S355,355,Headed Stud,22,1377.696,74.98,145,95.6,11848.2,6.74,305.8,66.1
40585,0.44,11.7,23.4,26.7,S460,460,Headed Stud,22,1584.96,86.26,177,192.1,16027.8,8.14,333.1,77
41404,0.29,29.8,15.7,37.5,S355,355,Headed Stud,19,1850.136,101.5,147,223.7,12330.5,9.24,260.7,82.3
40121,0.29,40.4,28.5,39.5,S275,275,Headed Stud,19,1210.056,65.53,179,160.3,15702.1,6.25,242.4,74.1
33144,0.53,30.4,18.9,65,S275,275,Perfobond Ribbon,20,1456.944,85.65,153,120.8,8132.3,6.8,181,39.2
37142,0.38,13.9,40.7,46.5,S460,460,Headed Stud,19,1191.768,69.8,163,154.7,12152.7,5.64,213.3,57.3
38892,0.36,6.2,17.7,25.1,S355,355,Headed Stud,22,1094.232,60.66,153,253.9,12168.4,5.46,305.8,66.8
37565,0.5,8.3,30.9,96.1,S355,355,Headed Stud,19,1246.632,62.79,162,159.3,12703.2,6.1,211.3,59.5
30589,0.51,28.9,48.2,16,S275,275,Headed Stud,16,1837.944,106.68,134,66.4,5520.1,9.14,97.8,30
38979,0.38,16.4,40.4,77,S355,355,Headed Stud,19,1191.768,62.48,135,131.7,11267.3,5.76,229.8,67.3
35590,0.51,42.6,17.5,44.6,S460,460,Headed Stud,19,1691.64,102.11,140,98.6,10469.3,7.8,185.5,49.7
29898,0.29,33.1,34,82.6,S460,460,Angle Connector,20,1706.88,101.19,131,168.3,5597.1,8.35,144.1,27.8
36467,0.31,38.5,42.1,21.2,S460,460,Headed Stud,16,1106.424,58.22,143,66,10794.1,5.03,145.1,53.9
34522,0.42,1.5,16.3,12.1,S690,690,Headed Stud,19,1691.64,90.22,191,256.4,9577.2,7.89,180,44.9
35569,0.3,35.8,15,35.7,S355,355,Perfobond Ribbon,20,1700.784,92.96,110,207.3,8295.2,7.99,210.9,49.6
33195,0.44,12.9,40.6,49.7,S460,460,Headed Stud,16,1216.152,77.72,191,143.8,9028.7,5.91,113,39.4
38068,0.52,26.5,1.2,40.1,S355,355,Headed Stud,19,1048.512,57.91,148,181.5,11177.5,4.97,214.8,62.2
40234,0.47,32.2,25.2,54,S690,690,Headed Stud,19,1731.264,98.15,118,120.3,10537.1,8.2,245.9,74.8
38305,0.36,26.5,34,3.8,S355,355,Headed Stud,22,1746.504,94.79,177,136.7,14263.5,8.5,292,63.5
32335,0.36,4.5,30.1,61.9,S355,355,Headed Stud,19,1667.256,103.33,100,231.6,5332.5,8.26,152.9,36.1
29064,0.41,25,48.4,17,S355,355,Headed Stud,19,1709.928,101.8,178,99.9,7518.3,8.14,121.6,25.3
30404,0.4,17.3,10.6,53.8,S275,275,Headed Stud,19,1511.808,84.73,104,221.3,4905.6,7.35,135,29.4
38926,0.31,32.3,22.2,90.3,S460,460,Headed Stud,22,1959.864,101.5,162,177.3,13614,8.9,305.9,67
36828,0.43,0.9,4.3,8,S690,690,Headed Stud,16,1712.976,87.48,180,298.8,12561.2,8.35,141.1,55.7
39760,0.54,23.4,48.2,60.2,S355,355,Headed Stud,19,1856.232,90.83,111,72.2,9991,9.3,233.5,71.9
34077,0.34,21.7,27,24.1,S275,275,Headed Stud,19,1600.2,83.21,127,190.1,7436.6,7.74,176.8,43
41084,0.35,9.4,32.5,7.5,S355,355,Headed Stud,19,1530.096,87.17,166,219.5,14682.6,7.83,256.1,80.2
36768,0.4,1.1,37.8,21.2,S355,355,Headed Stud,19,1274.064,64.31,155,222.6,10857.4,6.25,202.9,55.4
38892,0.54,2.9,36.4,82.8,S355,355,Headed Stud,19,1097.28,59.44,101,152,9718,4.82,228,66.8
39941,0.42,35.3,9.1,77.2,S460,460,Headed Stud,16,1716.024,89.92,105,168.5,9603.9,8.05,171.4,73
38574,0.35,14,37.8,38.1,S355,355,Perfobond Ribbon,20,1560.576,76.81,108,162.5,9291.2,7.35,244.9,65
36768,0.36,24.7,39.7,25.5,S460,460,Headed Stud,19,1200.912,60.66,156,144.6,11066.1,6.25,204.9,55.4
32146,0.39,38.6,35,36.3,S460,460,Headed Stud,16,1524,79.25,119,82.2,5449.4,7.71,108.1,35.4
36035,0.39,0.8,27.5,19.4,S275,275,Headed Stud,19,1298.448,74.68,145,225.7,10558,6.55,191,51.8
37355,0.4,26.3,45.7,62,S460,460,Headed Stud,22,2039.112,109.12,101,108.7,9325.5,9.42,275.7,58.4
40411,0.42,6.2,26,10.2,S355,355,Perfobond Ribbon,20,2130.552,122.83,117,202.9,10225.2,10.09,276.3,75.9
34406,0.48,35.9,49.5,51.9,S355,355,Headed Stud,19,1627.632,81.99,184,52.7,9462.2,8.08,175.3,44.4
40490,0.37,23.2,15.3,17.3,S355,355,Headed Stud,22,1648.968,89,111,216.9,9555.9,7.92,339.1,76.4
38926,0.46,21.7,20.3,84.9,S355,355,Headed Stud,16,1694.688,113.39,127,161.8,10957.6,8.05,161.7,67
41130,0.36,26.8,21.4,31.9,S460,460,Headed Stud,19,1597.152,96.01,127,196.2,11514.8,7.8,259.5,80.5
32416,0.42,34.8,42.9,41,S460,460,Headed Stud,19,1463.04,72.85,172,60.6,8492.8,7.5,153.1,36.4
37123,0.53,25.2,47.7,27,S460,460,Headed Stud,19,1380.744,77.42,144,62.4,10980,6.61,203.4,57.2
29865,0.36,32.9,38.5,0.7,S690,690,Headed Stud,16,1386.84,76.2,115,123.9,5478.4,6.43,89.4,27.7
41222,0.38,21.4,12.2,97.4,S355,355,Headed Stud,16,1179.576,62.79,199,209.6,16731,5.82,182.2,81.1
38556,0.29,26.7,7.5,10.1,S690,690,Headed Stud,16,1280.16,67.06,131,285.8,10885.2,5.97,156.7,64.9
35697,0.3,2.7,8.2,58.9,S355,355,Angle Connector,20,1600.2,84.43,147,390.8,10528.3,7.68,206,50.2
32469,0.52,43,40.3,29.4,S690,690,Headed Stud,19,1661.16,95.71,134,45,6287,7.89,154.5,36.6
33569,0.34,39.8,9,3.8,S355,355,Headed Stud,19,1459.992,85.34,185,217,9301.3,6.95,168.2,40.9
36709,0.41,12.2,19.1,95.3,S355,355,Headed Stud,19,1051.56,60.35,175,215,12259.2,5,203.9,55.1
34728,0.46,29.5,40.6,81.8,S355,355,Headed Stud,19,1444.752,81.69,146,99.6,8777,6.92,181.6,45.8
37640,0.47,2.6,38.9,22.8,S355,355,Headed Stud,16,1670.304,87.78,138,186.6,10720.4,7.8,148.6,59.9
40023,0.29,39.2,40.5,26.7,S355,355,Headed Stud,19,1158.24,69.19,115,84.3,10147.5,5.46,236.9,73.5
37201,0.32,11.2,2.4,74.2,S355,355,Perfobond Ribbon,20,1417.32,82.91,131,322.7,10190.2,6.43,229.7,57.6
36528,0.52,40.3,16.4,86.2,S275,275,Perfobond Ribbon,20,1383.792,75.9,114,113.2,8447.3,6.8,218.9,54.2
40852,0.35,13,1.3,98.3,S355,355,Headed Stud,19,1353.312,77.42,133,308.5,11658.5,6.25,248.8,78.7
38269,0.51,13.6,34.6,55.5,S355,355,Headed Stud,22,1514.856,89.31,123,122.5,9891.5,7.44,298,63.3
31561,0.54,4.3,17.5,58,S275,275,Perfobond Ribbon,20,978.408,55.78,120,176.7,5326.4,4.75,162.8,33.3
31843,0.44,27.6,2.3,8.9,S275,275,Headed Stud,16,1578.864,74.37,151,192.8,6698.2,7.68,104.2,34.3
33093,0.51,35.5,15.7,16.3,S355,355,Headed Stud,16,1219.2,68.28,164,137.5,8401.5,5.43,113.3,39
31646,0.32,1,38.8,21.8,S355,355,Headed Stud,16,1499.616,88.09,188,263.1,7896.2,7.47,106.8,33.6
32416,0.3,43.8,49.7,44.3,S355,355,Headed Stud,22,1356.36,75.9,149,53.8,7242.4,6.34,204.5,36.4
32416,0.35,17.5,3.3,79.8,S275,275,Headed Stud,19,2054.352,116.74,166,270.9,8136.2,10.61,148.4,36.4
34751,0.32,1.1,29.5,1.3,S690,690,Headed Stud,16,1770.888,95.4,122,311.9,7631.6,8.63,125,45.9
34774,0.41,36.8,26.8,6.7,S460,460,Headed Stud,19,1642.872,104.85,176,117.5,9766.2,7.8,179.7,46
41539,0.34,11.9,34.5,84.5,S690,690,Headed Stud,22,1783.08,99.36,187,213.2,17677.1,8.05,350.3,83.2
38751,0.38,37.4,11,39.4,S275,275,Headed Stud,19,1508.76,75.29,100,179.2,9117.8,7.62,229.9,66
37809,0.46,31.6,24.5,10.6,S355,355,Angle Connector,20,1505.712,78.64,145,145.2,11355.3,7.1,232,60.8
38449,0.36,25.8,17.6,97.3,S355,355,Headed Stud,16,1005.84,59.44,183,205.8,14662.9,5.15,152.8,64.3
38395,0.54,29.9,25,97,S460,460,Headed Stud,16,1441.704,81.38,187,91.6,14185,6.83,156,64
38944,0.43,3.5,46.7,44.7,S460,460,Headed Stud,19,2103.12,105.46,153,167.9,11975.7,11.03,226.5,67.1
40649,0.3,42.2,38.7,9.2,S355,355,Headed Stud,19,1475.232,80.47,116,75.1,10437.4,6.64,245.5,77.4
36507,0.52,34.8,21.2,5.4,S355,355,Perfobond Ribbon,20,1975.104,118.87,181,131.5,11838.8,9.57,218.7,54.1
29303,0.32,1.8,12.3,70.1,S690,690,Perfobond Ribbon,20,1188.72,68.88,183,326.8,8076.8,5.52,140.7,26
35066,0.43,41,49.6,96.6,S690,690,Perfobond Ribbon,20,1338.072,77.11,190,25.7,9821.2,6.28,196,47.3
33220,0.55,18.3,12.8,5.7,S690,690,Headed Stud,19,1776.984,106.68,142,181.4,8251.2,8.6,163.4,39.5
37920,0.35,39,24.6,38.2,S355,355,Headed Stud,19,1895.856,109.12,157,138.8,12295.2,8.84,218.6,61.4
38909,0.37,28.3,10.5,94.9,S460,460,Headed Stud,16,1453.896,74.98,188,209.4,14864.6,7.04,160.7,66.9
40490,0.4,27.5,21.5,61.6,S275,275,Headed Stud,16,1362.456,73.46,199,165.7,15948.4,6.25,173,76.4
40202,0.5,4.4,43.1,32,S460,460,Perfobond Ribbon,20,1731.264,93.57,131,136.1,11603.1,8.2,267.7,74.6
29538,0.49,42.6,48.4,15.1,S355,355,Headed Stud,19,1267.968,74.98,173,34.7,7425.9,6.22,127.2,26.7
29670,0.32,26.7,49.7,47.8,S275,275,Headed Stud,19,1898.904,110.03,177,114.3,7470.5,9.3,125.7,27.1
39610,0.51,24.1,36.5,60.2,S690,690,Headed Stud,22,1347.216,74.98,199,91.6,15841.6,6.22,315,71
33789,0.54,4.6,5.8,96.7,S355,355,Headed Stud,19,1237.488,71.93,101,196.7,5894,6,167.6,41.8
37470,0.44,18.7,0.3,34,S355,355,Headed Stud,19,1466.088,95.71,199,219.4,13629.2,6.4,210.4,59
41268,0.5,32.1,33.8,85.5,S355,355,Headed Stud,22,1338.072,72.24,144,88.3,12192.9,5.7,351.9,81.4
36507,0.5,9.1,36.4,18.1,S275,275,Headed Stud,19,1371.6,78.94,113,146,8101.7,6.95,191.7,54.1
31390,0.33,23.5,38.5,40,S355,355,Headed Stud,16,1405.128,76.2,107,148.2,4922.8,6.8,97.5,32.7
37565,0.47,11.3,26.4,54.6,S690,690,Headed Stud,19,1758.696,96.32,154,164.9,11589.3,8.63,211.8,59.5
39323,0.5,42.3,44.9,72,S690,690,Perfobond Ribbon,20,2048.256,116.13,132,39.8,11407.7,9.94,262.8,69.3
39710,0.46,3.6,3.8,84.7,S460,460,Perfobond Ribbon,20,1508.76,86.26,183,250.9,16168,7.07,267.6,71.6
40250,0.31,35.8,47.2,91.8,S355,355,Headed Stud,22,1624.584,100.28,170,70,15122.8,8.05,325.3,74.9
34499,0.51,25.6,12.2,43.1,S355,355,Headed Stud,16,1395.984,83.82,104,144.2,6747.6,6.58,123.6,44.8
41629,0.45,18,6.2,3,S355,355,Headed Stud,19,1908.048,110.03,191,207.2,17960.5,9.3,260.6,83.8
35176,0.4,12.6,20,10.1,S355,355,Headed Stud,16,1301.496,68.88,114,208.8,7072.6,6.43,131.3,47.8
33470,0.3,14.8,47.8,40.2,S275,275,Headed Stud,16,2087.88,117.35,121,172.3,6424.5,10.3,118,40.5
40202,0.47,19.1,39.7,36.3,S355,355,Headed Stud,19,1554.48,79.55,129,134.7,11376,7.22,241.3,74.6
41237,0.54,25.1,25.1,30,S355,355,Headed Stud,19,1752.6,98.76,200,119.2,16636,8.38,257.6,81.2
40992,0.33,35.9,34.8,40.7,S460,460,Headed Stud,16,1551.432,84.73,192,109.1,16456.3,7.41,185.1,79.6
38431,0.46,29.1,8.5,63.6,S355,355,Headed Stud,19,1588.008,79.86,123,188.3,9805.7,7.92,223.7,64.2
40930,0.48,4.4,3.9,89,S355,355,Headed Stud,19,1789.176,102.41,136,226.5,11766,8.26,250.9,79.2
35867,0.29,30.2,15.8,91.2,S355,355,Headed Stud,16,1816.608,95.4,166,214.6,11421.3,9.27,133.4,51
39492,0.44,2.3,41.6,56.4,S690,690,Headed Stud,19,1341.12,75.59,170,156.7,14822.9,6,237.6,70.3
41419,0.44,18.2,21.9,54.9,S690,690,Headed Stud,22,1405.128,73.15,163,158.4,14438.3,6.61,345.1,82.4
40282,0.5,14.9,9.7,23.1,S275,275,Perfobond Ribbon,20,1719.072,96.62,117,185.2,9932.2,8.35,273.9,75.1
30153,0.46,32.2,25.9,44,S460,460,Headed Stud,16,1173.48,64.92,186,109.9,8148,4.94,93.1,28.6
34568,0.49,40.8,24,24.2,S460,460,Headed Stud,19,1466.088,91.44,110,111.5,7014.9,7.38,178.6,45.1
40121,0.38,15.9,18.3,57.9,S355,355,Perfobond Ribbon,20,1761.744,94.79,121,235.3,10653.5,8.99,271.6,74.1
34591,0.3,39.4,39.5,9.4,S355,355,Headed Stud,19,1234.44,61.57,103,77.7,6758.6,6.16,181.8,45.2
37103,0.54,6.1,4.5,56.6,S355,355,Headed Stud,19,1450.848,74.98,106,208.1,9244.2,6.64,208.9,57.1
35993,0.52,21.1,14.5,55.9,S460,460,Perfobond Ribbon,20,1274.064,73.76,191,157.4,11675,5.97,214.6,51.6
41689,0.35,20.9,36,30.9,S275,275,Headed Stud,19,1200.912,61.57,116,142.8,10017,5.7,264.8,84.2
31561,0.38,26.5,9.3,91.4,S355,355,Headed Stud,22,1630.68,94.18,139,221.6,5946.7,7.22,200.6,33.3
33569,0.31,18.5,48.6,88.2,S460,460,Headed Stud,22,1606.296,102.41,166,129.5,8924.4,7.68,222.7,40.9
29865,0.5,27.6,44.7,53.5,S355,355,Headed Stud,16,1106.424,54.25,139,75,5667.7,5.52,89,27.7
37640,0.51,28.2,35,95.1,S355,355,Angle Connector,20,1557.528,79.86,188,99.1,13516.3,7.22,239.8,59.9
29201,0.54,38.7,32.2,84,S460,460,Headed Stud,19,1688.592,92.66,119,58,5366.8,8.2,123.5,25.7
33643,0.43,7.8,13.6,81.4,S275,275,Headed Stud,19,1911.096,101.19,117,246.1,6197.3,9.3,165.8,41.2
31981,0.45,42.2,47.2,30.3,S355,355,Headed Stud,19,1021.08,60.66,149,30.2,6773.4,4.88,152.8,34.8
35676,0.46,13.4,5.9,7.4,S275,275,Headed Stud,16,1551.432,93.27,169,245.2,10621.5,8.2,132.6,50.1
41659,0.5,16.9,1.4,11.2,S275,275,Perfobond Ribbon,20,1987.296,106.07,147,223.9,12368.1,9.57,294.1,84
41283,0.47,7.4,13.2,93.5,S460,460,Headed Stud,19,1459.992,86.56,182,224,16928.2,7.04,264.5,81.5
33119,0.48,38.6,44.8,90.5,S355,355,Headed Stud,16,1603.248,97.23,197,59.8,8977.4,7.8,111.1,39.1
37697,0.51,18.1,2.2,39.4,S690,690,Headed Stud,16,1475.232,93.88,181,186.7,13834.5,6.83,146.7,60.2
37994,0.28,37.7,0.9,65.8,S355,355,Headed Stud,22,1399.032,68.88,163,297.1,13167.7,6.86,284.6,61.8
35654,0.41,18.5,8.8,86.5,S355,355,Headed Stud,16,1115.568,60.05,145,235.1,10521.9,5,133.8,50
39509,0.45,23.7,10.6,55,S355,355,Headed Stud,19,1853.184,106.38,130,173.9,11591.8,8.87,232.8,70.4
37846,0.53,20,46.9,55,S275,275,Headed Stud,22,1929.384,117.35,120,74.2,9493.7,8.72,281.4,61
31618,0.34,6.1,30.8,81,S355,355,Headed Stud,22,1347.216,70.1,162,244.5,7027.9,6.07,199.9,33.5
34637,0.28,24.2,43.7,18.4,S355,355,Headed Stud,19,1386.84,74.37,182,168.5,9636.4,6.98,179,45.4
38503,0.42,13.1,8.5,58.2,S355,355,Perfobond Ribbon,20,1383.792,78.94,101,236.6,9305.6,6.95,251,64.6
37162,0.49,0.9,48.2,3.2,S690,690,Perfobond Ribbon,20,954.024,54.56,161,162.6,12279.6,4.6,230.8,57.4
35888,0.45,14,39,57.9,S460,460,Headed Stud,19,1661.16,95.4,159,141.6,11258.4,7.99,192.1,51.1
35417,0.42,1,24.4,44.1,S460,460,Perfobond Ribbon,20,1322.832,71.32,164,234.7,9994,6.1,205,48.9
35825,0.34,22.9,1.3,50.8,S355,355,Headed Stud,22,1542.288,83.21,194,287,11822.6,7.28,261.2,50.8
35330,0.35,24.7,13.9,49.6,S690,690,Headed Stud,22,1575.816,93.57,158,210,9510.6,7.5,255,48.5
40727,0.5,7.1,7,42.1,S460,460,Headed Stud,19,1709.928,93.88,172,225.5,16012,8.02,249.7,77.9
36035,0.52,20.2,45.2,33,S355,355,Headed Stud,19,1591.056,84.43,157,82.8,11079.3,6.98,191.2,51.8
36159,0.43,1.8,10.3,82.5,S355,355,Headed Stud,16,1877.568,106.68,102,259.8,8296.6,9.17,137,52.4
41237,0.36,22.3,19,29.2,S460,460,Perfobond Ribbon,20,1889.76,115.52,153,228,12463.5,8.81,290.8,81.2
37640,0.36,38.5,31.7,89.3,S275,275,Headed Stud,16,1435.608,84.12,185,93.2,13442.3,7.38,149.4,59.9
29471,0.35,5.7,1.5,65.9,S460,460,Headed Stud,22,1261.872,72.85,122,344.1,5448.2,6.1,171.6,26.5
36788,0.48,39,20.4,73.8,S355,355,Headed Stud,19,1158.24,66.14,158,120.6,11756.7,5.64,209.5,55.5
34545,0.31,2.5,42.9,57,S275,275,Headed Stud,19,1423.416,79.55,159,242.7,9111.2,6.68,174.8,45
31390,0.54,22.9,16.9,59.4,S355,355,Angle Connector,20,1063.752,57.91,131,134.4,5644.4,5.49,158.5,32.7
41374,0.52,40.9,34,33.5,S355,355,Headed Stud,19,1530.096,83.82,174,68.2,16822.9,7.56,261.1,82.1
33982,0.49,6.4,44,58.5,S355,355,Headed Stud,19,1136.904,56.69,116,128.5,6138.3,5.52,174.5,42.6
33042,0.37,40,7.1,48.7,S460,460,Headed Stud,19,2020.824,117.96,181,175.1,9028.6,10.42,161.7,38.8
40266,0.55,40,40.3,35.3,S355,355,Angle Connector,20,1761.744,94.49,168,58.4,14781.8,8.53,274.3,75
39152,0.49,10.4,41,58.5,S460,460,Headed Stud,22,1447.8,74.37,117,126.5,10326.8,6.98,313.6,68.3
33765,0.4,11.4,28.3,64.6,S355,355,Perfobond Ribbon,20,923.544,55.47,116,179.2,6157.4,4.39,187.7,41.7
40821,0.47,12.9,47.4,72.8,S275,275,Headed Stud,19,1618.488,90.22,182,94.7,16132.9,8.17,255.1,78.5
40649,0.44,23.7,10,47.9,S460,460,Headed Stud,19,929.64,51.21,137,210.7,11777.4,4.11,251.2,77.4
32966,0.37,23.5,45.3,10.2,S275,275,Headed Stud,19,1755.648,98.15,160,121.3,8041.9,8.56,161.9,38.5
32118,0.37,19.6,39.7,88.9,S690,690,Headed Stud,19,1261.872,64.62,144,141.2,7139.7,6.31,149.6,35.3
35930,0.51,5,4.8,49.6,S690,690,Headed Stud,16,1700.784,95.4,128,216.5,9809.2,8.35,136.8,51.3
35110,0.55,21.9,37,7.2,S690,690,Headed Stud,19,1307.592,68.58,157,107.1,9550.2,6.71,190.1,47.5
40056,0.51,32.9,14.2,32.1,S460,460,Headed Stud,19,1850.136,107.9,191,144,15786.3,9.02,235.9,73.7
41614,0.39,4.4,18.8,66.3,S460,460,Perfobond Ribbon,20,1130.808,60.66,130,230.5,11872.1,5.52,293.9,83.7
39626,0.49,20.2,22.6,42.7,S355,355,Headed Stud,19,954.024,57.3,154,150.1,12203.5,4.51,232.5,71.1
35504,0.42,2.7,49.3,70,S275,275,Headed Stud,19,1432.56,86.56,139,148.1,9982.3,6.98,189.9,49.3
35482,0.42,7.1,19,84.3,S355,355,Headed Stud,16,1600.2,89.92,177,222.1,10695,7.44,135.3,49.2
40331,0.44,2.9,1.7,97.8,S460,460,Headed Stud,16,1844.04,92.35,139,273.9,11712.8,8.69,177.7,75.4
35761,0.38,43.3,26.6,78.6,S355,355,Headed Stud,22,1338.072,71.93,171,114.4,11255.9,6.34,263.1,50.5
38178,0.54,7.1,31.2,45.9,S355,355,Angle Connector,20,1481.328,78.33,129,142.7,10015,6.55,239.4,62.8
39660,0.31,38.8,46.9,1.6,S275,275,Headed Stud,16,1926.336,106.38,189,61.1,15552.2,9.08,175.9,71.3
37045,0.41,8.9,9.4,54.4,S355,355,Headed Stud,16,1496.568,83.21,196,250.2,12921.7,6.68,141.2,56.8
31898,0.41,42.3,5.7,84.8,S355,355,Headed Stud,22,1978.152,109.73,160,156.1,6940,9.66,201.6,34.5
34660,0.42,15.1,28.7,52.6,S275,275,Headed Stud,19,1813.56,108.2,195,157.3,9602.1,8.87,181.8,45.5
38645,0.53,14.4,18.3,19.5,S690,690,Headed Stud,22,1441.704,75.9,113,182.4,9464.2,6.31,294,65.4
31069,0.43,42.8,19.5,28.3,S690,690,Headed Stud,16,1493.52,86.56,174,133.8,7953.3,7.28,99.7,31.6
33569,0.54,17.6,13.2,10.4,S355,355,Headed Stud,19,1667.256,97.23,190,177.3,9362.2,7.77,164.8,40.9
40601,0.34,36.7,39.6,64.2,S275,275,Perfobond Ribbon,20,1490.472,88.09,101,95.9,9464.1,7.41,275.7,77.1
30951,0.37,11.8,28,40.8,S355,355,Headed Stud,16,1411.224,97.23,164,223.3,6974.3,6.68,96.3,31.2
37278,0.5,36.4,34.7,20.6,S690,690,Headed Stud,22,1207.008,75.29,181,80,13434.1,5.49,274.9,58
37715,0.52,44,0.1,71.4,S275,275,Headed Stud,19,1557.528,79.55,147,125.7,10541.1,7.56,217.5,60.3
38556,0.51,16,7.8,77.5,S355,355,Headed Stud,22,1338.072,72.24,163,171.9,13133.4,6.31,301.4,64.9
37374,0.3,42.5,17.5,67.9,S460,460,Headed Stud,19,1313.688,78.94,123,190,9778,5.85,209.2,58.5
39676,0.29,38.4,12.1,78.3,S355,355,Headed Stud,19,1405.128,77.11,160,197.9,13941.7,6.71,234.8,71.4
40821,0.34,18,46.5,56,S275,275,Perfobond Ribbon,20,1395.984,82.91,164,140.7,13909.9,6.86,282.3,78.5
36507,0.39,45,41.2,14.2,S355,355,Headed Stud,22,1121.664,59.13,180,46.8,11758.8,5.15,257.6,54.1
39254,0.52,41.2,16.9,24.5,S355,355,Headed Stud,19,1295.4,79.86,185,119.9,14640.6,6.1,229,68.9
38323,0.31,24.1,39.2,87.9,S690,690,Headed Stud,16,1822.704,97.84,118,140.3,9867.8,9.11,157.2,63.6
34637,0.41,41.5,6.6,89.4,S690,690,Headed Stud,19,1682.496,100.89,103,145.5,6771.2,7.96,178.3,45.4
39526,0.4,18.4,48,5.6,S460,460,Headed Stud,22,1286.256,65.53,163,129.6,13797.6,5.85,309.6,70.5
35951,0.36,37.6,22.7,98.8,S355,355,Headed Stud,22,1795.272,94.18,167,146.6,11397.1,9.27,262.1,51.4
37239,0.35,31.6,42.9,78.4,S690,690,Headed Stud,19,1399.032,74.07,162,100.3,12630.6,7.35,209,57.8
35590,0.53,17.2,19.6,2.8,S460,460,Headed Stud,16,1335.024,82.6,106,173.4,8311.5,5.91,132.1,49.7
32146,0.53,4.2,16.6,37.9,S355,355,Perfobond Ribbon,20,1740.408,110.64,113,193.2,5283.6,8.23,167.9,35.4
40121,0.48,18.4,49.7,12.6,S690,690,Headed Stud,19,1658.112,91.14,189,108.6,15939.5,8.11,242.4,74.1
40976,0.53,29.8,13.3,36,S275,275,Perfobond Ribbon,20,1591.056,81.38,141,127.5,12100.8,7.35,286.2,79.5
34360,0.43,7.5,17.9,1.6,S690,690,Headed Stud,19,1316.736,77.11,156,238.3,9240.3,6.55,173.8,44.2
41584,0.52,35,36.1,52.7,S355,355,Headed Stud,19,1798.32,96.93,115,65.9,10423.6,9.05,264.1,83.5
35396,0.36,39.6,32.6,58.8,S355,355,Headed Stud,16,1164.336,58.22,163,116.9,10026.7,5.94,139.6,48.8
41359,0.5,30.4,1.1,80.4,S355,355,Headed Stud,19,1749.552,86.87,130,167.4,11740,7.83,265.4,82
33934,0.43,12,46.6,84.4,S355,355,Headed Stud,22,1365.504,79.86,108,123.2,5970.5,6.77,220.6,42.4
41554,0.48,15.7,40.6,54.3,S460,460,Headed Stud,16,1203.96,63.7,120,131.1,10722.2,6.1,183.7,83.3
40474,0.54,5.5,17.6,29.2,S355,355,Headed Stud,19,1737.36,94.79,108,197.2,9625.8,7.99,244.5,76.3
41792,0.53,26.2,23,33.7,S275,275,Headed Stud,19,1264.92,64.92,155,122.1,12628.2,6.28,260.1,84.9
40169,0.29,15.9,31.8,94.8,S275,275,Perfobond Ribbon,20,1511.808,86.26,160,224.9,13979.6,6.64,269.9,74.4
34006,0.33,2.5,16.1,23.2,S275,275,Headed Stud,16,1197.864,59.13,162,340,9147.7,5.46,121.6,42.7
37753,0.42,41.4,11.1,68.4,S460,460,Headed Stud,16,1581.912,82.3,178,147.7,13959.8,7.19,150.4,60.5
41130,0.52,29,0.8,80.5,S355,355,Headed Stud,16,1578.864,82.6,164,171,14241.9,7.59,182.7,80.5
33692,0.4,44.2,38,4.9,S275,275,Perfobond Ribbon,20,1014.984,52.73,155,85.4,8934.6,4.85,179.9,41.4
29637,0.4,17.9,31.8,54.8,S355,355,Angle Connector,20,1758.696,94.79,118,175.3,5243.1,8.17,141.1,27
33371,0.46,36.6,45.9,3.8,S275,275,Perfobond Ribbon,20,1594.104,101.19,143,48.7,7891.8,7.83,179.5,40.1
38839,0.45,5.4,21.5,78.9,S275,275,Headed Stud,19,1615.44,85.95,190,222.4,14926,8.11,226.4,66.5
35909,0.44,36.2,23.9,14.4,S355,355,Headed Stud,19,1636.776,89.92,189,120.1,11660.4,7.56,196.3,51.2
34864,0.35,3.3,47,74.6,S355,355,Headed Stud,22,1307.592,67.36,171,205.5,9411.5,6.64,242.1,46.4
31187,0.29,26.6,14.2,12,S460,460,Headed Stud,19,1450.848,80.47,179,282.6,7702.2,6.71,142,32
39793,0.44,19.3,18.3,48.8,S460,460,Headed Stud,22,1880.616,99.97,193,190.3,16045.7,9.75,317.6,72.1
33594,0.49,28.1,20,57.3,S355,355,Headed Stud,16,1255.776,71.63,104,147.7,6017.9,6.1,118,41
38786,0.33,40,42,76.8,S460,460,Headed Stud,19,1722.12,96.93,168,93.1,14120.1,7.96,220.2,66.2
37103,0.5,31.3,28.7,23,S355,355,Headed Stud,16,1792.224,95.1,170,125.4,12460.6,8.26,147.6,57.1
40379,0.39,11.2,14.1,57.4,S460,460,Headed Stud,16,1938.528,99.97,178,246.1,16099.1,9.36,173.8,75.7
31447,0.33,39,43.1,25.1,S275,275,Headed Stud,16,1548.384,82.91,103,94.3,4988.3,7.16,102.2,32.9
33093,0.32,28,9.1,18.3,S275,275,Headed Stud,16,1533.144,99.36,117,234.7,5887.5,7.62,112.3,39
34148,0.29,27.2,26.7,80.1,S355,355,Headed Stud,16,1048.512,53.04,166,201,9153.3,4.97,119.3,43.3
41614,0.48,42.4,23.4,66.5,S355,355,Headed Stud,19,1459.992,84.73,138,83.2,11885.9,6.92,269.7,83.7
35286,0.54,33.1,44.4,75,S355,355,Headed Stud,19,1956.816,130.45,179,68.9,9680.2,9.91,187.4,48.3
38944,0.41,25,34.3,28.7,S275,275,Headed Stud,19,1627.632,98.45,163,123.4,13271.3,7.47,223.6,67.1
39559,0.32,2,8,19,S355,355,Headed Stud,16,2036.064,120.7,144,380.4,12139.5,9.3,169.6,70.7
41252,0.48,28.1,1.4,1.2,S355,355,Headed Stud,19,1871.472,101.8,123,187,10986.5,8.63,264.9,81.3
39374,0.46,29.9,49.9,35.8,S355,355,Headed Stud,19,1591.056,94.79,152,64,11839.7,7.99,231.3,69.6
34954,0.51,1.3,29.1,62.2,S275,275,Angle Connector,20,1847.088,99.06,136,165.8,8336,8.99,202.2,46.8
30216,0.28,14.9,43.6,30.7,S690,690,Perfobond Ribbon,20,2060.448,114.6,173,177.3,7641,9.42,145.9,28.8
39492,0.37,26.7,31.4,58.5,S690,690,Headed Stud,16,1661.16,81.08,131,135.2,11656.3,7.65,172.1,70.3
35718,0.38,35.9,23.1,44.6,S460,460,Headed Stud,19,1414.272,76.5,152,131.7,10696.7,6.77,192.4,50.3
38521,0.4,3.4,4.8,62.9,S355,355,Perfobond Ribbon,20,1225.296,63.4,139,276.3,10998.1,6.46,256.3,64.7
34774,0.49,38,34.9,64.6,S690,690,Headed Stud,19,1584.96,93.57,147,77.6,9303.2,7.1,181.1,46
39509,0.48,7.2,5.5,76.2,S690,690,Headed Stud,22,1603.248,82.91,166,226.9,14792.7,7.83,316.7,70.4
31787,0.41,3,36.8,9.8,S460,460,Headed Stud,19,1524,88.09,102,209.9,5502.5,6.98,148.2,34.1
30741,0.29,10.3,19.3,71.4,S690,690,Headed Stud,16,1776.984,92.96,146,319.6,6877.4,7.99,94.5,30.5
39809,0.55,44.7,17.7,4.8,S460,460,Headed Stud,16,2008.632,107.59,163,104.4,13785.8,10.21,176.9,72.2
36035,0.32,31.3,43.8,36.6,S355,355,Headed Stud,16,1115.568,68.28,101,100,8522.4,5.33,136.5,51.8
35198,0.31,25.1,5.8,19.6,S460,460,Headed Stud,19,1676.4,83.21,104,300.2,6868.4,8.29,182.5,47.9
34887,0.29,23.8,13.6,48.5,S355,355,Headed Stud,19,1450.848,86.56,109,257.8,6842.5,7.32,180.7,46.5
37278,0.34,37.1,30.7,24,S355,355,Headed Stud,16,1231.392,61.57,123,131.9,9820.5,5.85,147,58
37790,0.34,8.1,46.8,39.8,S355,355,Headed Stud,16,2008.632,106.68,182,180.6,13649.2,9.6,150.2,60.7
38431,0.47,19.9,36.2,83.1,S355,355,Headed Stud,19,1365.504,77.72,166,113,13365.2,6.68,216.5,64.2
39458,0.43,5.8,32.3,13.7,S690,690,Headed Stud,16,1548.384,89.61,135,197.7,11788.1,7.38,170.8,70.1
34887,0.46,26.2,25.5,93,S275,275,Headed Stud,19,1548.384,100.28,148,129.9,9021,7.56,181.9,46.5
30589,0.49,25.2,7,0.2,S460,460,Headed Stud,22,1225.296,73.76,117,176,5461.3,5.46,175.9,30
34705,0.37,43.6,38.9,3.9,S460,460,Headed Stud,22,978.408,59.74,162,61.6,9366.2,4.57,239.7,45.7
37640,0.54,18.5,22.9,64.1,S355,355,Headed Stud,19,2118.36,121.92,114,149.6,9499.9,10.24,209.5,59.9
38031,0.37,3.2,41.3,20.9,S460,460,Headed Stud,19,1645.92,90.53,104,215.7,9158.2,7.86,210.4,62
40664,0.51,19.7,49.3,50.3,S275,275,Angle Connector,20,1158.24,58.52,111,87.6,9480,5.97,280.9,77.5
40411,0.31,25.7,23.4,86.6,S355,355,Headed Stud,19,1011.936,60.35,149,224.7,12052.9,4.82,245.7,75.9
36669,0.51,21.4,6,4.5,S355,355,Headed Stud,19,1231.392,66.14,162,199.2,11767.2,5.73,202.1,54.9
29930,0.45,22.1,20.1,41.4,S355,355,Headed Stud,19,1886.712,103.33,174,183.6,7574.5,9.45,132.1,27.9
37045,0.33,30.6,35.6,56.2,S355,355,Headed Stud,19,1862.328,107.59,165,133.1,12198.9,8.63,210.8,56.8
40664,0.48,36.6,6.4,68.5,S355,355,Headed Stud,16,1548.384,81.38,160,134.5,14106.8,7.47,175.7,77.5
31128,0.4,44.7,18.9,67.9,S355,355,Headed Stud,19,1042.416,61.26,168,102.6,7497.5,5,143.6,31.8
36426,0.49,5.3,5.3,64.1,S460,460,Headed Stud,16,1499.616,73.76,153,241,11074.4,6.8,142.1,53.7
39842,0.29,42.8,33.4,71.2,S355,355,Headed Stud,19,1679.448,84.73,105,115.1,9797.3,8.84,237.2,72.4
36788,0.43,44.7,20,45,S355,355,Headed Stud,19,1402.08,75.29,175,99.3,12257.5,6.89,205.7,55.5
41268,0.38,34.4,28.3,50.9,S355,355,Headed Stud,16,1584.96,88.7,120,145.1,10623.8,7.74,185.9,81.4
40961,0.54,19.6,16,35.7,S460,460,Headed Stud,16,1731.264,95.4,148,150.4,12134.3,8.23,178.2,79.4
41509,0.49,3.4,6.5,11.1,S275,275,Headed Stud,19,1319.784,75.29,171,237.3,16749.6,6.86,259.2,83
38681,0.33,21.8,16.7,99.4,S460,460,Headed Stud,19,1271.016,73.15,138,219.8,11216.5,6.07,224.4,65.6
32091,0.3,38.3,6.6,61.2,S690,690,Headed Stud,19,1780.032,97.54,197,230.9,8636.6,8.08,152.4,35.2
30185,0.29,0.6,26.8,57.8,S275,275,Headed Stud,16,1362.456,78.94,124,340.6,5175,6.52,95.9,28.7
28960,0.41,6.2,23.9,18.5,S460,460,Headed Stud,22,1655.064,89.31,169,220.7,7451.8,7.35,162,25
37336,0.34,1.6,44.7,21.8,S275,275,Headed Stud,19,1847.088,100.89,108,213.4,8557.2,9.39,217.6,58.3
40696,0.39,5.1,15.1,68.5,S355,355,Headed Stud,19,1658.112,85.95,162,246.6,13964.1,8.11,245.6,77.7
40852,0.41,5.9,49.6,74.3,S460,460,Headed Stud,22,1935.48,103.94,105,143.8,9813.9,9.27,335.6,78.7
36426,0.46,26.5,11.2,95,S355,355,Headed Stud,19,1795.272,96.01,166,161.8,11613.5,8.17,201.8,53.7
41733,0.4,5.9,14.2,74.6,S355,355,Perfobond Ribbon,20,1130.808,61.57,142,260.9,12335.6,5.46,285.7,84.5
38521,0.42,1.8,12.9,78.9,S355,355,Headed Stud,16,1338.072,73.76,189,258.5,15073.2,6.86,158.9,64.7
40680,0.47,30.1,16.5,17.3,S275,275,Headed Stud,16,1737.36,104.55,134,148.2,11832.3,8.29,177.3,77.6
33445,0.39,19.5,47.8,6.9,S460,460,Headed Stud,22,1280.16,73.15,133,103.4,7314.5,6.04,218.3,40.4
36283,0.39,31.6,15.2,67.4,S460,460,Headed Stud,19,1377.696,83.52,113,173,8400.7,6.58,197.7,53
36180,0.29,39.6,15.1,65.2,S355,355,Perfobond Ribbon,20,1353.312,93.57,161,167.6,11563.5,7.04,215.2,52.5
38822,0.49,44.2,15.1,97.5,S275,275,Headed Stud,16,1856.232,105.77,152,103.4,11700.4,8.93,158.8,66.4
38610,0.48,25,1.4,30.1,S355,355,Headed Stud,16,1167.384,58.22,159,203.7,13075.6,6.04,158.7,65.2
41419,0.51,25.6,13.2,90.2,S355,355,Perfobond Ribbon,20,1572.768,81.69,142,134.1,12259.9,7.59,294.1,82.4
29064,0.43,10.6,4.6,25.3,S355,355,Perfobond Ribbon,20,1115.568,63.7,149,254.6,6233,5.39,138.5,25.3
29604,0.38,30,17.2,84.5,S460,460,Headed Stud,16,1386.84,78.33,165,166.8,7468,6.64,87.8,26.9
39743,0.41,12.1,32,77,S355,355,Headed Stud,19,1499.616,82.91,178,159.4,15782.2,6.89,232.6,71.8
36669,0.48,9.2,18.8,49,S275,275,Headed Stud,19,1304.544,79.25,114,179,8483.3,6.52,203.7,54.9
37181,0.37,32.2,15.5,27.7,S690,690,Perfobond Ribbon,20,1874.52,95.4,132,175.4,10347.1,8.87,231.3,57.5
33837,0.38,6.8,29.3,41.1,S460,460,Headed Stud,19,1414.272,78.94,145,219.7,8863.9,6.49,171.8,42
31245,0.29,25.6,28,98.7,S690,690,Headed Stud,19,1365.504,68.88,128,171.8,5754.4,6.74,142.3,32.2
30185,0.42,15.4,45,15.9,S275,275,Headed Stud,19,1243.584,77.42,182,116.1,7555.4,5.88,132.2,28.7
33296,0.47,8.9,48.8,33.8,S355,355,Headed Stud,19,1459.992,78.64,110,110.1,5587.6,6.86,168.4,39.8
30951,0.39,13.1,42.7,80.9,S355,355,Headed Stud,22,1679.448,82.6,123,140.2,5313.9,8.32,185.9,31.2
37602,0.51,1.9,30.7,38.2,S355,355,Headed Stud,19,1508.76,84.73,156,179.8,11411.8,7.13,217.1,59.7
31926,0.39,10.8,11.2,23.6,S355,355,Perfobond Ribbon,20,1883.664,109.12,137,267.8,6103.8,9.05,165.2,34.6
32335,0.48,8.1,21.1,53.1,S460,460,Perfobond Ribbon,20,1539.24,88.39,120,201.1,5716.2,6.98,169,36.1
38681,0.3,33.2,20.7,87.4,S355,355,Headed Stud,19,1621.536,90.53,134,209.9,11058.5,7.96,224.6,65.6
40961,0.42,0.7,10.2,69.6,S355,355,Headed Stud,19,1362.456,70.1,199,251.3,16737.1,6.31,253.2,79.4
29438,0.44,29.8,36.8,53.2,S355,355,Headed Stud,16,2045.208,128.63,196,108.2,8256,10,89.3,26.4
29833,0.31,38.1,4.5,38.8,S355,355,Headed Stud,19,1670.304,97.84,117,216.3,5214.8,8.17,128.8,27.6
29337,0.32,36.4,33.2,48.4,S355,355,Headed Stud,16,1914.144,124.66,178,113.1,7747.9,9.39,85,26.1
36907,0.39,42.7,33.5,16,S355,355,Headed Stud,22,1228.344,61.57,131,107.3,10094.4,5.76,267.3,56.1
41130,0.3,27.6,6.6,64.4,S690,690,Headed Stud,16,1167.384,65.84,178,292.6,16748.1,6.1,183.8,80.5
29303,0.31,35.6,1.7,32.3,S355,355,Headed Stud,19,966.216,57.61,190,267.4,7715.2,4.94,123.9,26
37201,0.55,19.9,19,24.4,S460,460,Headed Stud,19,2090.928,117.04,116,161.5,9563.7,9.51,206,57.6
37064,0.3,14.7,36,50.2,S460,460,Headed Stud,22,2008.632,106.68,195,237.4,12890.6,9.33,273.6,56.9
36548,0.45,1.3,24.3,85.4,S355,355,Headed Stud,19,1508.76,84.73,113,217.5,8431,7.35,195,54.3
35972,0.4,35.5,39,42.1,S355,355,Headed Stud,19,1965.96,103.02,187,74.4,11551,9.02,194.6,51.5
38503,0.48,20.8,32.1,93.4,S275,275,Headed Stud,16,1944.624,105.77,164,132,13132.3,9.6,155.5,64.6
41207,0.54,40.1,41,51.6,S355,355,Headed Stud,19,1972.056,118.26,134,64.5,11704.7,9.45,260.2,81
29833,0.53,7.2,22.4,39.8,S460,460,Headed Stud,19,1362.456,84.43,162,171.2,7080.7,6.64,132.6,27.6
37239,0.5,44.9,43.6,68.8,S690,690,Headed Stud,16,963.168,53.64,161,32.2,12982.3,4.75,148.6,57.8
35867,0.39,19.2,48.8,74.1,S460,460,Headed Stud,16,1560.576,87.48,149,93.9,10631.9,7.07,135.2,51
32308,0.36,42,22,48,S275,275,Headed Stud,19,1594.104,93.27,183,136.6,8766.9,6.95,152,36
38431,0.42,30.5,49.3,52.1,S460,460,Headed Stud,19,1886.712,98.45,149,53.8,11445,9.08,219.3,64.2
30861,0.53,37.3,17.3,44.3,S275,275,Headed Stud,22,1594.104,82.6,174,110.5,7466.4,7.71,188.7,30.9
33421,0.45,37.8,33.6,34.2,S275,275,Perfobond Ribbon,20,1798.32,101.8,192,101.6,9480.7,9.11,183.4,40.3
35482,0.31,42.5,12.9,21.4,S355,355,Headed Stud,19,1621.536,89,169,209.4,10649.3,7.38,187,49.2
41807,0.42,32.8,44.5,99.3,S690,690,Headed Stud,16,1612.392,94.79,147,54.2,12362.1,7.53,184.6,85
41479,0.28,0.9,12.7,56,S355,355,Headed Stud,19,1274.064,76.2,163,375.8,14155.1,6.64,259.4,82.8
33321,0.49,43.3,40,38.9,S355,355,Headed Stud,16,1929.384,95.1,109,48.9,5400.8,8.78,112.9,39.9
40331,0.29,7.6,17.2,29.5,S355,355,Headed Stud,16,1545.336,93.88,163,307,13779.8,7.19,175.5,75.4
41007,0.54,37.4,15.5,20.1,S460,460,Headed Stud,19,1243.584,63.7,188,133.8,16387.1,5.88,250,79.7
38944,0.53,38.4,17.9,63.2,S690,690,Headed Stud,19,1850.136,98.76,114,97.1,9968.5,9.72,228.2,67.1
41084,0.42,17.5,20,66.3,S355,355,Headed Stud,19,1072.896,54.86,176,195.5,16357.7,5.39,255.4,80.2
36709,0.5,42.2,15.2,72.5,S355,355,Headed Stud,19,1228.344,64.01,117,102.4,9481.7,5.97,206,55.1
32654,0.52,6.1,14.7,46.8,S355,355,Angle Connector,20,1453.896,85.34,147,198.6,8067.1,6.77,171.8,37.3
37715,0.51,37.8,40.2,38,S460,460,Headed Stud,16,1524,80.47,126,76.1,9961.8,7.07,151.5,60.3
32469,0.43,22.3,19.9,5.4,S355,355,Headed Stud,16,1286.256,66.75,116,192.9,5566.3,5.82,108.2,36.6
29703,0.49,0.3,12.5,56.1,S355,355,Headed Stud,19,1395.984,77.42,134,241,5671.3,6.74,124.5,27.2
35846,0.32,1.8,38.2,88.1,S275,275,Headed Stud,19,1469.136,79.55,176,226,11179.3,7.25,193,50.9
29269,0.39,5,49.9,75.2,S355,355,Headed Stud,19,1746.504,103.94,104,160.8,5030.9,8.29,123.1,25.9
36689,0.55,32.1,14.6,54.3,S355,355,Perfobond Ribbon,20,1886.712,99.06,118,114.2,9511.2,8.53,220.8,55
40538,0.42,21.8,8.1,47.5,S355,355,Headed Stud,16,1630.68,104.24,155,200.4,12465.9,7.83,174.4,76.7
32966,0.36,29.7,19.6,52.9,S355,355,Headed Stud,19,2103.12,124.66,109,169.9,5563.8,9.75,160.6,38.5
33667,0.46,33.4,27.8,47.7,S460,460,Perfobond Ribbon,20,1755.648,108.81,106,123.8,6075,8.2,185.2,41.3
41792,0.36,17.9,29.2,69.2,S355,355,Headed Stud,22,1706.88,99.06,157,182,14104.2,8.11,361.9,84.9
40992,0.36,44.8,9.3,34.9,S355,355,Perfobond Ribbon,20,1749.552,94.49,188,147.2,16453.7,8.5,284.3,79.6
38323,0.42,8.7,24.6,24.3,S355,355,Headed Stud,22,1420.368,77.11,123,223.3,9655.9,6.8,291.2,63.6
37084,0.42,15.2,2.5,17.5,S460,460,Headed Stud,22,1664.208,95.71,108,241.9,9136.9,7.92,258.4,57
39726,0.3,5.8,43.1,86.8,S275,275,Headed Stud,19,1222.248,67.97,118,218.1,10199.9,5.67,238.1,71.7
38521,0.43,30.4,24.5,28,S275,275,Headed Stud,19,1185.672,64.62,177,140.6,14375.4,5.73,228.2,64.7
32811,0.31,2.9,23.4,18.2,S355,355,Headed Stud,16,1761.744,100.89,192,332,8867.8,8.6,108.6,37.9
37565,0.37,22.1,9.4,43.3,S355,355,Headed Stud,22,1691.64,91.14,110,246.5,9119,7.83,283.5,59.5
39424,0.39,31.6,9,88.4,S355,355,Headed Stud,16,1569.72,85.04,177,188.3,15274.8,7.53,170.1,69.9
37123,0.32,25,48.2,26,S355,355,Headed Stud,19,1572.768,76.2,145,119.6,11069.5,7.44,203.8,57.2
31843,0.28,2.8,34.6,54,S460,460,Headed Stud,16,1301.496,70.41,103,300.8,5415,6.34,106.8,34.3
32862,0.44,34.5,37.7,42.2,S355,355,Headed Stud,19,1886.712,114.3,154,93.5,7891.7,9.33,155.2,38.1
31216,0.31,34.3,27.6,60.3,S460,460,Headed Stud,19,1703.832,95.71,144,158.2,6765,8.29,146.3,32.1
31898,0.33,34.1,9.7,46.7,S355,355,Headed Stud,19,1837.944,96.62,168,217,7656.3,8.41,145.7,34.5
40490,0.47,22.1,10.1,61.8,S275,275,Headed Stud,16,1773.936,99.06,172,175.8,15912.8,8.53,175.2,76.4
31618,0.33,29.3,31.9,5.1,S355,355,Headed Stud,16,1545.336,86.87,200,182.2,8094.5,7.77,106.8,33.5
36304,0.45,32.8,0.5,33.7,S275,275,Headed Stud,19,1499.616,89.92,185,194.6,11692.8,7.07,199.5,53.1
34545,0.3,0.8,15.6,71,S690,690,Headed Stud,19,1578.864,81.08,177,346.1,9399.8,7.77,178.7,45
39492,0.39,7.8,2.5,29.2,S275,275,Headed Stud,19,1264.92,60.35,111,313.5,9391.1,6.13,240.4,70.3
29030,0.4,35.5,42.3,94,S275,275,Headed Stud,22,1914.144,107.29,141,65.9,5765.2,9.39,159.8,25.2
34053,0.5,33.4,36.4,27.4,S355,355,Headed Stud,19,1780.032,91.44,179,81.3,9579.9,8.93,173.8,42.9
32442,0.31,34.8,5.9,70.8,S275,275,Headed Stud,19,1789.176,101.5,152,223.9,7383.6,8.38,153.7,36.5
30153,0.52,2.7,35.5,43.1,S690,690,Headed Stud,19,1624.584,85.04,141,166.7,6846.8,7.71,130.2,28.6
37374,0.52,19.4,40.6,70.5,S460,460,Headed Stud,19,1850.136,93.57,196,88.7,13133,8.53,210.5,58.5
40774,0.36,7.6,21.7,49,S355,355,Headed Stud,16,1267.968,71.02,165,234.9,13994.1,6.16,181.1,78.2
41130,0.37,5.3,20.5,3.9,S355,355,Headed Stud,22,1365.504,69.49,105,270.1,9661.7,6.68,346.4,80.5
31618,0.54,20.8,30,6.9,S355,355,Headed Stud,19,1536.192,94.49,116,132.8,5543.7,6.98,148.4,33.5
33396,0.46,17.9,31.9,98,S355,355,Headed Stud,19,1609.344,104.24,151,151.1,8279.9,8.05,162.7,40.2
38681,0.5,26,3.2,52.2,S460,460,Perfobond Ribbon,20,1475.232,67.36,153,172.9,11796,7.77,245.6,65.6
35697,0.41,38.6,23.6,74.6,S275,275,Headed Stud,19,1469.136,82.3,126,129.6,9397.1,7.35,188.5,50.2
30058,0.39,36.2,49.1,64.1,S460,460,Headed Stud,19,2042.16,127.41,155,44.1,6714.6,9.08,130.6,28.3
34499,0.39,4.3,7.7,47.7,S460,460,Headed Stud,22,1335.024,71.32,173,287.2,9380.8,6.55,230.1,44.8
30527,0.45,42.4,9.5,0.5,S460,460,Perfobond Ribbon,20,1850.136,111.86,151,134.4,6580.3,8.02,150.5,29.8
40976,0.41,30.9,5.5,85.8,S355,355,Headed Stud,19,1786.128,105.16,124,188.2,11305.5,7.86,251.2,79.5
40218,0.49,43.2,16.8,75.2,S275,275,Perfobond Ribbon,20,1569.72,82.91,172,116.1,15143.9,7.5,275.9,74.7
36507,0.45,21.1,15.5,30.5,S690,690,Headed Stud,22,1383.792,77.72,111,182,8392,6.55,256.2,54.1
31069,0.5,8.4,5.6,97,S275,275,Headed Stud,16,1112.52,64.92,111,226.7,4781.3,5.46,98.3,31.6
31447,0.42,40.1,48.9,84.5,S460,460,Perfobond Ribbon,20,1621.536,89,182,34.5,8302.6,7.47,158.8,32.9
32200,0.31,0.1,0.9,44.2,S690,690,Headed Stud,19,1469.136,95.4,193,417.9,8615.2,7.1,150.3,35.6
39323,0.47,42.1,9.6,35.7,S355,355,Headed Stud,16,1959.864,120.7,198,132.6,15101,9.17,167.3,69.3
31303,0.49,5.2,29.1,82.9,S460,460,Headed Stud,16,1624.584,83.21,158,169.9,7253,7.65,100.5,32.4
31898,0.46,32.8,47.1,68.9,S355,355,Headed Stud,16,1313.688,84.12,185,63.8,8194.5,6.34,103.3,34.5
38751,0.43,2.1,17.5,67.2,S275,275,Headed Stud,16,1609.344,89.61,144,226.6,11797.6,7.83,159.9,66
33886,0.4,17.3,33.7,39.9,S275,275,Headed Stud,19,1520.952,89.31,196,179.7,9532,7.56,173.8,42.2
39826,0.51,3.7,8.7,0.3,S460,460,Headed Stud,16,1594.104,88.39,151,229.2,12280.4,7.35,174.9,72.3
36568,0.45,22,34.2,91,S275,275,Headed Stud,19,1920.24,102.11,109,123.7,8281.6,8.99,201.4,54.4
30980,0.34,5.7,36.2,73.5,S355,355,Headed Stud,19,1828.8,105.16,146,199,6538.8,8.5,138.5,31.3
39875,0.31,16.2,31.2,54.8,S355,355,Headed Stud,19,1292.352,81.38,149,213.2,12028.6,6.34,233.4,72.6
36014,0.34,29.8,13.5,16.8,S355,355,Headed Stud,16,966.216,58.52,144,207.5,10675.9,4.24,136,51.7
34705,0.38,44.3,24.6,18.8,S355,355,Headed Stud,22,1496.568,84.12,160,93.6,9405.3,7.07,241.3,45.7
34148,0.36,12,41.6,98,S460,460,Perfobond Ribbon,20,1207.008,72.85,179,163.4,9457.7,5.91,188.4,43.3
32991,0.3,4.8,48.3,75.1,S690,690,Headed Stud,19,1356.36,73.76,107,206.7,5613,6.28,158.5,38.6
30980,0.3,8.9,30.4,47.5,S355,355,Headed Stud,19,1578.864,80.77,172,254.8,7580.1,7.77,143.4,31.3
40121,0.43,17.4,13.7,57.5,S355,355,Headed Stud,19,1399.032,76.5,171,212.1,15625.3,6.64,242.5,74.1
34591,0.4,6.1,26.2,61.1,S460,460,Angle Connector,20,1527.048,86.87,109,232.6,6660.6,7.28,199.5,45.2
33271,0.4,8.4,36.4,29.4,S460,460,Headed Stud,16,1588.008,94.49,129,165.6,6607.2,7.28,114.8,39.7
32785,0.52,11.9,40.8,10.5,S460,460,Headed Stud,16,1100.328,68.58,173,128.3,8616.3,5,110.3,37.8
29800,0.38,19.4,14.3,2.3,S460,460,Headed Stud,16,1572.768,92.96,192,225.8,8101.9,7.71,89,27.5
33789,0.32,4.5,8.3,76.3,S355,355,Headed Stud,19,1533.144,98.15,171,362.3,9092.6,7.56,160,41.8
38996,0.29,8.2,12.8,83.9,S275,275,Angle Connector,20,1770.888,105.46,115,353.9,9555.4,8.66,255.9,67.4
29269,0.5,1.7,8.3,52.7,S355,355,Headed Stud,16,1261.872,69.8,165,228.3,7239.7,5.73,83.6,25.9
38395,0.35,42.7,28.7,8.4,S460,460,Headed Stud,16,978.408,55.78,194,116.5,14560.3,4.66,155.7,64
35110,0.46,37.1,34.1,34.9,S460,460,Headed Stud,16,1402.08,84.43,157,99.3,9512.2,6.61,128,47.5
31703,0.31,40.4,41.4,67.6,S460,460,Perfobond Ribbon,20,1606.296,89.61,183,59.7,8309.4,7.77,162.3,33.8
31303,0.53,24.8,49.9,87.8,S355,355,Headed Stud,22,1319.784,67.97,162,72.2,6763.3,6.04,191.1,32.4
31703,0.38,18.4,1.6,59.5,S460,460,Headed Stud,22,1673.352,86.26,186,261.7,8117.7,8.2,200.1,33.8
37450,0.38,19.3,18.1,37,S355,355,Headed Stud,16,1463.04,84.12,126,221,9792.9,7.32,150,58.9
38769,0.37,15.5,27.8,55,S355,355,Angle Connector,20,1091.184,64.92,160,211.1,13402.3,5.15,243.9,66.1
38574,0.54,8.3,36,21.1,S460,460,Perfobond Ribbon,20,1901.952,103.02,198,150.4,14608.1,8.75,245.9,65
41674,0.4,8.7,30.1,15.5,S355,355,Headed Stud,16,1429.512,82.91,190,209.7,17953.9,6.64,185.5,84.1
31418,0.46,36.5,16.7,64.1,S275,275,Perfobond Ribbon,20,1822.704,111.56,106,132,4871.7,9.33,157.4,32.8
30153,0.31,20.4,11.8,53.9,S355,355,Perfobond Ribbon,20,1776.984,92.05,169,299.9,7251.5,8.35,142.2,28.6
38485,0.52,21.5,48.3,80.9,S460,460,Perfobond Ribbon,20,1478.28,90.83,146,81.8,11438.3,6.95,250.5,64.5
34453,0.34,19.5,8.2,96.1,S355,355,Headed Stud,16,1673.352,85.65,150,283.1,8803.4,7.65,126.2,44.6
33765,0.46,22.4,20.5,92.3,S355,355,Headed Stud,16,1411.224,79.25,112,143.4,6089.3,6.37,119.4,41.7
39842,0.5,29.3,49.1,63.1,S690,690,Perfobond Ribbon,20,1703.832,99.36,164,74.9,13987.7,8.11,272.1,72.4
29994,0.41,37.4,26.4,90.3,S460,460,Headed Stud,16,1386.84,81.38,146,111.1,6532.8,6.64,89.7,28.1
31040,0.49,38.6,15.1,1.9,S460,460,Headed Stud,16,1456.944,82.91,188,128.9,8013.5,6.77,99.2,31.5
41084,0.53,34.1,45.4,46,S690,690,Headed Stud,16,1621.536,81.08,112,62.2,10166.9,7.83,181.6,80.2
32680,0.45,3,19.4,34.7,S460,460,Headed Stud,16,1828.8,111.86,142,222.3,8348.8,8.84,108,37.4
41629,0.37,39,19.7,1.9,S355,355,Headed Stud,19,1188.72,73.15,178,168.8,17832.3,5.52,264.7,83.8
35782,0.45,12.9,34.9,38.1,S275,275,Headed Stud,19,1886.712,98.45,127,138.8,9386.4,9.14,185.3,50.6
31533,0.34,29.5,14.6,51.6,S275,275,Perfobond Ribbon,20,1057.656,59.44,127,189.2,5466.3,5.15,160.8,33.2
29833,0.49,4.9,10.7,50.8,S355,355,Headed Stud,22,1578.864,99.97,138,208.7,5819.3,7.28,172.5,27.6
34705,0.37,1.8,24.2,84.3,S355,355,Headed Stud,16,1505.712,80.77,156,257.8,9033,6.55,125.8,45.7
40379,0.37,32.9,47.8,90.5,S275,275,Headed Stud,19,1475.232,81.08,181,80,15864.7,7.35,250.2,75.7
36868,0.41,42.5,27.9,4,S690,690,Perfobond Ribbon,20,1734.312,92.66,152,104.1,11119.9,8.05,220,55.9
35633,0.51,29.6,17.2,66,S275,275,Angle Connector,20,941.832,53.64,128,148.4,9537.8,4.72,206.1,49.9
36868,0.36,5.4,29.4,64,S355,355,Headed Stud,19,1947.672,103.33,105,219.8,9048.1,9.51,203.8,55.9
39509,0.45,5.4,19.7,48.7,S275,275,Headed Stud,16,1639.824,94.49,176,228.2,15503.9,7.83,169,70.4
29064,0.32,32.6,8.2,79.2,S275,275,Headed Stud,22,2033.016,120.4,162,211.2,6065.7,10.42,159.4,25.3
39475,0.4,31.8,17.4,52.9,S355,355,Headed Stud,19,1426.464,72.85,172,147.4,15067.5,6.43,234.1,70.2
34909,0.53,44.5,8.2,41.8,S460,460,Headed Stud,19,1703.832,99.67,153,116.9,9439.1,7.68,184.2,46.6
39542,0.36,26.1,6.8,5.4,S275,275,Headed Stud,22,1591.056,82.91,181,257.6,16274.1,7.38,309.4,70.6
34172,0.34,35.4,39.8,27.2,S355,355,Headed Stud,19,1066.8,59.74,101,79.3,6093.4,5.09,175.4,43.4
40899,0.44,12,45.2,83.1,S275,275,Headed Stud,19,1691.64,88.39,116,133.5,10161.5,8.11,258.3,79
38610,0.41,9.2,36.9,34.9,S275,275,Headed Stud,16,2090.928,114.3,162,180.9,13036.1,9.91,160,65.2
32914,0.33,23.1,17.6,26.1,S355,355,Perfobond Ribbon,20,1033.272,58.52,137,234.6,7137.8,4.88,169.9,38.3
32442,0.47,25.5,32.7,75.4,S460,460,Headed Stud,16,1816.608,97.84,185,105.8,9058,8.29,110.3,36.5
40790,0.31,11.3,14.8,5.2,S355,355,Headed Stud,22,1575.816,83.82,123,293.2,10981.8,8.05,343.6,78.3
30741,0.3,44.6,43,88.9,S275,275,Angle Connector,20,1795.272,94.79,187,65.7,7921.8,8.63,151.8,30.5
36986,0.32,10.1,13.6,28.7,S690,690,Headed Stud,19,1642.872,84.12,140,292.9,10970.6,7.44,210.5,56.5
35930,0.4,21.6,37,21.7,S355,355,Headed Stud,16,1417.32,82.91,128,134.1,9676.5,6.92,135.3,51.3
34360,0.42,23.8,44.5,99.3,S355,355,Headed Stud,19,1898.904,109.73,195,86.9,9471.5,8.2,179.8,44.2
38909,0.43,3.7,23.1,64.2,S275,275,Headed Stud,19,1399.032,73.15,192,217.2,14949.2,6.86,225.4,66.9
39117,0.5,24.1,41.7,18.7,S460,460,Headed Stud,19,1655.064,93.57,133,102.4,11468.1,7.53,229.2,68.1
32940,0.34,12.9,12.4,57,S355,355,Headed Stud,19,1682.496,99.06,107,265,5575.9,8.81,157.1,38.4
36966,0.41,7.3,24.4,41.7,S355,355,Angle Connector,20,1697.736,98.15,138,218,10681.9,7.96,218.2,56.4
36927,0.42,44.9,31.1,92,S355,355,Headed Stud,19,1496.568,84.43,101,54.1,9502.9,7.53,207.3,56.2
30527,0.32,25.1,39.1,79.1,S355,355,Headed Stud,22,1581.912,92.35,120,157.7,5249.5,8.2,176.8,29.8
41659,0.32,7.1,3.7,73.4,S355,355,Headed Stud,19,1539.24,81.38,146,344.6,12306.9,7.19,265.8,84
37920,0.36,21.6,22.9,41.4,S355,355,Headed Stud,16,1633.728,89,178,200.7,13853.9,7.22,152.4,61.4
35547,0.31,41.8,23,2.6,S355,355,Perfobond Ribbon,20,1917.192,109.42,199,156.3,11493.9,8.78,214.8,49.5
40347,0.34,15.8,3.9,12.9,S690,690,Headed Stud,19,1630.68,90.22,172,316.4,15896.3,7.96,250.4,75.5
32654,0.53,9,14.3,30.4,S460,460,Headed Stud,16,1581.912,85.04,199,205.5,9025.5,8.05,108.6,37.3
30404,0.29,43.7,16,43.5,S275,275,Headed Stud,19,1697.736,101.5,148,180,6328.4,8.63,132.6,29.4
29930,0.53,15.8,32.4,18.1,S355,355,Headed Stud,19,2023.872,92.96,164,142.1,6721.6,9.27,128.3,27.9
32654,0.55,4.3,34.5,65.6,S275,275,Headed Stud,19,1597.152,103.02,136,132.3,6763.4,7.83,156.4,37.3
36118,0.4,24.8,43.5,65.6,S355,355,Headed Stud,16,1356.36,66.75,156,100.7,10903.8,6.31,136.1,52.2
38698,0.41,29,39.6,23.9,S275,275,Headed Stud,19,1008.888,57.91,175,126,14257.3,4.45,223.7,65.7
35461,0.55,17.4,40.4,6.4,S275,275,Headed Stud,19,1752.6,112.78,170,103.9,10407.4,8.41,188.1,49.1
34148,0.42,9,9,2.9,S460,460,Perfobond Ribbon,20,1426.464,71.32,117,249.5,6472.5,6.95,186.4,43.3
37220,0.36,21.1,33.9,41.8,S355,355,Perfobond Ribbon,20,1261.872,70.1,133,173.8,10387.8,6.07,233.2,57.7
30496,0.31,13,21.5,44.3,S460,460,Headed Stud,19,1667.256,101.8,149,259.5,6871.2,8.2,133.4,29.7
30153,0.42,13.7,28.1,47,S355,355,Angle Connector,20,1331.976,76.5,158,192.7,6672.9,6.55,144.8,28.6
39424,0.54,1.8,7.9,9.3,S355,355,Perfobond Ribbon,20,1530.096,93.88,196,213.7,15538.5,7.04,261.2,69.9
37753,0.51,28.2,42.8,99.6,S355,355,Headed Stud,16,1584.96,88.39,181,83.5,13570.2,7.44,149.6,60.5
39374,0.49,35.5,34.6,10.6,S355,355,Headed Stud,19,1377.696,73.15,138,82,11633.5,6.46,233.5,69.6
36365,0.4,29.2,24.3,37.3,S355,355,Headed Stud,16,1496.568,72.54,130,172.6,9931.3,6.77,141.5,53.4
30090,0.51,17.6,25,81.1,S355,355,Headed Stud,16,960.12,50.6,164,145.1,6919.6,4.48,93,28.4
37772,0.36,6.1,0.9,77.5,S275,275,Headed Stud,16,1426.464,83.52,183,319.4,13896.2,6.77,148.7,60.6
33813,0.3,23,9.4,51,S355,355,Headed Stud,19,2011.68,106.07,141,258.4,8292.4,10,172.7,41.9
41023,0.3,9.6,26.5,33.9,S275,275,Headed Stud,16,1091.184,65.53,198,251.5,16596.1,4.63,185,79.8
37883,0.54,36,28.7,53.2,S355,355,Perfobond Ribbon,20,1277.112,66.75,180,75.3,13674.4,6.25,242.9,61.2
30404,0.4,24.3,1.1,27.9,S355,355,Headed Stud,16,1456.944,81.08,129,244.8,5526.6,6.8,95.3,29.4
40234,0.54,6.6,31.6,30.4,S355,355,Angle Connector,20,1584.96,83.82,107,153.3,9875.6,7.1,278,74.8
36669,0.49,4.7,18.5,12.2,S460,460,Headed Stud,22,1615.44,84.43,176,194.9,12313.7,7.62,267.4,54.9
35110,0.48,25.6,14.2,10.3,S355,355,Headed Stud,19,1737.36,81.38,120,177.2,7343.1,8.29,182.5,47.5
35330,0.49,12,12.2,77,S355,355,Headed Stud,16,1642.872,96.01,169,203.7,9542.8,7.96,130.8,48.5
32036,0.28,34.8,18.8,48.4,S355,355,Headed Stud,19,1664.208,91.14,153,191.3,7077,7.65,153.8,35
32811,0.29,10.1,7.4,80.4,S355,355,Headed Stud,16,1588.008,80.47,181,332.8,8718,7.77,109.9,37.9
31274,0.51,20.2,15.4,45.2,S275,275,Headed Stud,16,1816.608,102.41,158,178.4,6757.9,8.99,99.3,32.3
40186,0.31,43.2,39,62.8,S355,355,Headed Stud,16,1609.344,95.4,122,67.6,10926.7,7.83,173.8,74.5
29703,0.31,44.9,32.6,96.3,S275,275,Perfobond Ribbon,20,1222.248,71.02,109,73.4,4522,5.91,142,27.2
33220,0.37,29.7,31.2,37.7,S355,355,Perfobond Ribbon,20,1615.44,97.54,178,129.3,9056,8.11,177.2,39.5
32173,0.42,36.2,4.5,12,S275,275,Headed Stud,19,1697.736,99.06,124,183.5,5699.3,7.62,147.3,35.5
35198,0.32,8.1,5,91.6,S355,355,Headed Stud,22,1481.328,84.73,176,337,9584.3,7.13,244.7,47.9
29865,0.45,40.5,49,94.2,S460,460,Headed Stud,19,1414.272,90.83,144,13.5,6596.5,6.68,127.7,27.7
40072,0.36,32.6,42.5,47.2,S355,355,Headed Stud,19,1429.512,76.2,101,82.8,9842.8,6.68,238.4,73.8
36689,0.31,4.8,43.7,85,S355,355,Perfobond Ribbon,20,2036.064,129.54,162,187.4,11944.1,10.3,223.9,55
41023,0.37,25.7,29.5,62.3,S355,355,Headed Stud,19,1456.944,76.5,192,162.3,16597.3,7.01,250.7,79.8
37753,0.41,18.2,5.4,12.5,S355,355,Perfobond Ribbon,20,1871.472,106.68,150,260.2,11069.3,8.56,235.7,60.5
33789,0.41,31.9,23.4,53.4,S355,355,Headed Stud,19,1956.816,109.42,188,139.5,9511.4,9.48,165.9,41.8
30121,0.44,44.7,25.8,60.1,S355,355,Perfobond Ribbon,20,1898.904,113.39,160,77.2,6652.8,9.33,144.7,28.5
39289,0.32,35.9,50,76.3,S460,460,Headed Stud,16,1344.168,75.29,119,40.9,10547.1,6.46,166.5,69.1
39859,0.4,38.6,9,20.1,S460,460,Perfobond Ribbon,20,1066.8,62.48,178,179.4,15761.8,5.39,269.5,72.5
30026,0.33,33.7,39.3,45.3,S460,460,Headed Stud,22,1795.272,100.28,143,125.8,6540.1,8.72,173,28.2
36304,0.37,7.6,6.5,46.9,S460,460,Perfobond Ribbon,20,1435.608,73.15,157,280.3,11166.6,6.83,210.2,53.1
41807,0.29,28.7,47.7,73.7,S690,690,Headed Stud,19,1594.104,82.3,100,105,10012.7,7.41,265,85
36947,0.5,33.8,0.3,28.8,S275,275,Headed Stud,19,1999.488,123.75,127,159.9,9672.8,10.24,210.1,56.3
41069,0.52,31.4,33.4,28,S460,460,Perfobond Ribbon,20,1411.224,79.55,150,106.6,12109.7,6.25,284,80.1
40554,0.32,42.2,7.7,38.8,S355,355,Perfobond Ribbon,20,1386.84,82.91,118,200.4,10406.7,6.49,277.3,76.8
39065,0.38,35.5,8.9,89.6,S355,355,Headed Stud,16,1481.328,77.42,109,173.9,9563.5,7.16,162.2,67.8
34728,0.53,23.4,5.6,88.9,S355,355,Headed Stud,19,1618.488,96.93,182,159.1,9580.4,7.5,184.4,45.8
31646,0.36,22.6,5.9,63.2,S460,460,Perfobond Ribbon,20,2072.64,121.01,188,256.5,8063.8,10.64,161.2,33.6
35930,0.45,11.6,39.7,98.5,S460,460,Headed Stud,16,1450.848,80.47,190,146,11792.8,7.28,131.3,51.3
37809,0.36,34.5,48.4,61.7,S355,355,Headed Stud,16,1911.096,106.98,115,75.3,9602,9.02,153.4,60.8
32940,0.39,22.5,0,89.8,S355,355,Headed Stud,19,1505.712,81.69,129,261.7,6554.8,7.5,161.8,38.4
37220,0.48,7.3,23.9,64.2,S355,355,Headed Stud,19,1524,81.38,196,199.2,13033.9,7.8,211.2,57.7
29404,0.29,36.6,33.7,36.3,S355,355,Headed Stud,22,1639.824,89.31,139,162.4,5653.7,7.38,172.1,26.3
34637,0.43,5.5,32.2,11,S355,355,Perfobond Ribbon,20,1642.872,91.74,181,213.1,9716.7,7.71,196.1,45.4
39492,0.37,43.2,21.8,76.3,S460,460,Headed Stud,19,1597.152,89,172,133.4,15272.3,8.02,234.3,70.3
38822,0.51,39.3,31.4,95.8,S460,460,Headed Stud,19,1551.432,90.83,117,77.8,10326.4,7.74,228.4,66.4
36608,0.4,4,13.3,4.8,S355,355,Headed Stud,16,1456.944,78.33,135,267.5,10282.8,6.86,142.8,54.6
40379,0.39,34.3,34.6,7.7,S355,355,Headed Stud,16,1325.88,73.15,149,107.1,12028.5,6.37,171.2,75.7
29865,0.39,42.6,50,69,S355,355,Headed Stud,19,1670.304,94.49,153,35.5,6380.7,7.41,127.2,27.7
38050,0.31,15.4,27,65.8,S460,460,Headed Stud,19,1392.936,73.46,190,213.9,14502.9,6.61,218.5,62.1
40868,0.43,6.5,8.3,96.8,S275,275,Headed Stud,19,1447.8,75.59,173,233.9,16048.6,6.74,251.9,78.8
37828,0.46,2.3,11.2,62.2,S355,355,Perfobond Ribbon,20,1054.608,59.13,156,237.3,11342.6,4.97,235.8,60.9
41733,0.41,7.5,23.1,38.3,S355,355,Headed Stud,19,1228.344,69.19,168,227.3,16425.4,6,261.7,84.5
40821,0.53,40.6,4.6,74.4,S275,275,Headed Stud,16,1520.952,82.91,123,118.2,10661.9,7.86,177.9,78.5
38031,0.46,0.8,0.4,99.2,S690,690,Headed Stud,19,1420.368,77.42,135,271.5,10576.7,6.68,213.9,62
34819,0.39,4.4,20.7,63.1,S355,355,Headed Stud,19,1264.92,73.15,167,229.9,9536.2,5.94,182,46.2
30279,0.29,18.1,3,12.2,S355,355,Headed Stud,19,1633.728,78.33,131,341.1,5716.1,7.62,133.8,29
35504,0.49,21,28.4,68.4,S355,355,Headed Stud,22,1395.984,78.03,160,119.3,10760.5,6.8,260.5,49.3
29235,0.49,43.6,41.4,34.2,S355,355,Headed Stud,16,1603.248,81.99,165,47.2,7060.2,6.92,84.6,25.8
33245,0.53,1.5,41,21.8,S355,355,Perfobond Ribbon,20,1371.6,71.02,105,146.9,5796.7,6.16,178.4,39.6
30310,0.34,12.4,39.4,56.6,S460,460,Headed Stud,19,1697.736,92.66,142,186.7,6740.1,7.77,132.7,29.1
40250,0.36,38.2,28.1,27.6,S355,355,Headed Stud,19,1222.248,72.54,190,114.1,15905.1,5.88,243.6,74.9
29962,0.3,32.7,49.5,51,S275,275,Headed Stud,19,1331.976,71.63,107,84.1,4789.4,5.64,130.5,28
29504,0.36,6.3,15.1,46.2,S355,355,Angle Connector,20,1261.872,75.9,198,290.8,8174.8,6,139.3,26.6
37355,0.48,0.7,37,90.1,S460,460,Headed Stud,22,1359.408,71.63,151,170.4,11158.1,6,280.5,58.4
41100,0.41,15.1,31.8,74.7,S460,460,Headed Stud,19,1539.24,82.3,130,179.9,11743.3,7.96,257.8,80.3
40088,0.47,22.9,14.6,11.1,S355,355,Headed Stud,19,1377.696,74.98,140,162.8,11995.5,6.13,236.4,73.9
37602,0.34,1.2,34,56,S355,355,Headed Stud,22,1780.032,99.06,137,263.1,10675.9,8.96,283.2,59.7
41252,0.28,11.6,18.7,64.3,S275,275,Headed Stud,19,1106.424,59.44,192,295.9,16731.9,5.73,261,81.3
41434,0.54,28.6,8.5,65.9,S460,460,Headed Stud,19,1652.016,90.22,173,139.8,16774.5,7.92,263.5,82.5
35286,0.3,14.1,1.2,21.6,S690,690,Headed Stud,22,1045.464,53.34,163,383,9557.7,4.88,250.3,48.3
34728,0.53,37.3,11.9,19.4,S355,355,Headed Stud,19,1676.4,103.94,132,117.8,8092.7,7.65,182.9,45.8
38323,0.32,43.3,8.7,17.7,S460,460,Headed Stud,22,1962.912,111.56,184,190.7,14581.2,10,293.6,63.6
33371,0.46,8.2,23.2,13.8,S355,355,Headed Stud,19,1499.616,95.1,116,203.4,5920,7.47,163.7,40.1
40992,0.51,10.3,39.9,23.5,S355,355,Perfobond Ribbon,20,1344.168,71.32,112,145.1,9967.1,6.46,282.8,79.6
32732,0.42,15.2,18.4,41.2,S460,460,Headed Stud,19,1054.608,57.91,162,209.7,8486.7,5.52,158.8,37.6
41252,0.47,29.7,17.4,68,S355,355,Perfobond Ribbon,20,1673.352,93.27,146,146.2,12310.7,8.38,300.4,81.3
34660,0.54,31.2,3.5,27.9,S690,690,Headed Stud,16,1588.008,86.87,194,154.3,9696.9,7.28,124.8,45.5
31390,0.37,35.7,30.3,64.5,S460,460,Headed Stud,19,1594.104,82.91,141,102.7,6504.1,7.38,142.9,32.7
31245,0.53,7.2,11.1,87.7,S355,355,Headed Stud,16,1956.816,109.42,114,179.3,5097.5,9.05,98.7,32.2
40633,0.53,13.6,45.1,89.3,S355,355,Headed Stud,19,1828.8,103.63,182,114,16117.8,9.05,251.6,77.3
36749,0.32,26.3,13.7,34.4,S275,275,Perfobond Ribbon,20,1435.608,80.16,159,221,11794.9,7.04,224.6,55.3
32308,0.37,31.3,27.4,82.6,S690,690,Headed Stud,16,1612.392,103.33,181,160.6,9304.7,7.38,110.7,36
37865,0.36,29.4,3.3,48.1,S355,355,Headed Stud,22,1807.464,101.19,180,236.4,13987.6,8.47,279.3,61.1
38395,0.52,40.1,14.9,73.8,S460,460,Perfobond Ribbon,20,1109.472,66.45,178,96.7,14259.1,4.88,245.6,64
34243,0.44,42.4,48.1,16.8,S355,355,Headed Stud,19,1493.52,86.56,134,27.3,7654.3,6.89,175.2,43.7
29800,0.3,40.7,36.1,41.3,S690,690,Headed Stud,22,1502.664,81.38,194,90,8681.3,7.83,170.8,27.5
29303,0.33,33.8,4.1,37.7,S355,355,Perfobond Ribbon,20,1063.752,54.86,159,215.1,6525.8,5.3,138.4,26
39793,0.31,3.7,8.2,17.4,S460,460,Headed Stud,19,1286.256,70.41,102,360.2,9710.2,6.07,241.3,72.1
32837,0.48,15,41.8,90.2,S355,355,Headed Stud,19,1581.912,79.86,184,115.8,8992,7.77,163.2,38
31646,0.46,5.9,24.1,92.2,S355,355,Headed Stud,22,1679.448,96.01,122,200.5,5501.4,7.56,199.9,33.6
33934,0.3,36.1,36.9,81.5,S355,355,Headed Stud,16,1459.992,74.98,175,129.9,9333.1,6.55,119.9,42.4
40790,0.29,26.6,40.8,89.3,S355,355,Headed Stud,19,1200.912,66.14,103,131,9973.9,5.52,254.1,78.3
38681,0.42,34.9,49.3,96.6,S275,275,Headed Stud,19,1283.208,73.46,122,61.1,9992.3,5.82,226,65.6
38359,0.52,22.8,36.4,26.9,S460,460,Perfobond Ribbon,20,1228.344,65.23,138,111.5,10876.8,5.58,252.4,63.8
41252,0.37,26.1,7.5,84.8,S460,460,Headed Stud,19,1036.32,60.05,107,215.8,9825.2,5.12,259.5,81.3
40976,0.46,4.7,37.8,73,S275,275,Headed Stud,19,1463.04,83.82,141,171.3,12183.3,7.04,249.5,79.5
40007,0.38,33.6,13.3,52.3,S355,355,Headed Stud,16,990.6,53.34,110,159.7,9519.2,4.82,170.2,73.4
37278,0.44,27.3,5.2,60.5,S460,460,Headed Stud,19,1399.032,72.85,119,188.1,9732.7,6.4,209.9,58
41130,0.4,27,17.8,81.9,S355,355,Headed Stud,16,1868.424,102.72,114,184.6,9912.6,8.84,183.3,80.5
38214,0.31,40.4,46.2,83.5,S355,355,Headed Stud,16,1517.904,85.04,167,44.1,13513.1,7.65,155.7,63
40837,0.31,17.5,27.5,15,S460,460,Angle Connector,20,1194.816,69.8,109,242.5,9710.7,5.97,274.6,78.6
30527,0.43,10.7,33.5,51.8,S460,460,Headed Stud,16,1341.12,70.41,196,171.7,8665.2,6.89,95.3,29.8
30527,0.34,3.4,44.8,24.6,S355,355,Perfobond Ribbon,20,1402.08,74.37,129,220.4,5669.4,6.4,151.7,29.8
39892,0.47,40.3,45.6,83.9,S460,460,Headed Stud,19,1752.6,96.01,145,34.7,11808.5,8.56,233.3,72.7
37527,0.44,14.9,48.3,91.4,S460,460,Headed Stud,16,1325.88,82.91,104,109.2,9432.4,6.49,151.9,59.3
30861,0.47,36,23.5,55.1,S690,690,Angle Connector,20,1426.464,74.68,195,124.4,8396.7,6.89,152.1,30.9
36283,0.46,29.2,37,92.9,S275,275,Headed Stud,19,2118.36,110.03,101,102.7,8180.7,9.91,193.5,53
34053,0.54,12.7,38.5,76.6,S355,355,Headed Stud,16,1533.144,85.34,189,110.9,9384.4,6.89,121.9,42.9
36768,0.3,13.6,22.9,19.7,S275,275,Headed Stud,22,1237.488,71.32,181,279.4,12126.1,5.43,265.9,55.4
37697,0.39,35.5,40.8,72.2,S355,355,Headed Stud,16,1539.24,86.87,147,96.3,11001.8,6.89,152.3,60.2
38926,0.35,25.6,13.7,53.5,S355,355,Headed Stud,16,1645.92,87.17,174,229.9,14795.7,7.99,161.1,67
39542,0.47,27.5,13,70.1,S275,275,Perfobond Ribbon,20,1426.464,76.2,165,157.2,13994.3,7.04,261.8,70.6
35352,0.31,15,33,22.6,S690,690,Headed Stud,19,1618.488,95.1,164,227.2,10121,7.86,183.5,48.6
36548,0.54,15.9,9.4,94.2,S275,275,Headed Stud,19,1889.76,109.42,102,160.4,8202,9.88,199.4,54.3
37297,0.3,6,36.3,36,S355,355,Headed Stud,16,1362.456,75.59,153,253.6,11309.4,6.37,148.6,58.1
40250,0.55,14,38,56.6,S275,275,Headed Stud,16,1591.056,99.97,180,108,15839.5,7.47,175.9,74.9
33346,0.52,39.3,49.1,0.3,S275,275,Headed Stud,19,1191.768,65.53,143,41.3,7749.8,5.94,163.7,40
37355,0.49,19.8,1.5,91.1,S355,355,Headed Stud,16,1722.12,113.69,130,210.7,9908.7,8.96,144.2,58.4
35993,0.32,8.8,22.8,82.6,S460,460,Headed Stud,16,1615.44,94.79,184,284.2,11744.4,7.8,135.8,51.6
34219,0.4,34.6,11.7,7.9,S460,460,Headed Stud,22,1578.864,91.74,151,189.2,9081.4,7.65,227,43.6
29571,0.42,9.3,11.5,64.4,S460,460,Headed Stud,19,1338.072,76.5,150,232.9,6743.3,6.25,123.9,26.8
34383,0.37,19.6,49.7,89.8,S275,275,Headed Stud,19,1088.136,59.74,107,92.7,6326.1,5.36,177,44.3
30248,0.54,37.3,47.4,4.3,S355,355,Headed Stud,19,1679.448,88.39,124,56.7,5620.3,8.17,128.9,28.9
40538,0.31,30.9,34.2,44.3,S355,355,Headed Stud,19,1362.456,71.63,116,158.9,10225.9,6.16,243.7,76.7
31703,0.35,24.6,4.4,15.5,S460,460,Headed Stud,22,1249.68,74.07,120,245.3,5721.3,6.28,200.2,33.8
30466,0.53,29.7,6.3,79.8,S355,355,Headed Stud,19,1810.512,97.54,170,138.5,7393,9.08,132.6,29.6
39323,0.4,21,9.1,8.9,S275,275,Headed Stud,19,1255.776,68.28,110,242,9234.8,6,232.3,69.3
36447,0.35,18.8,23.1,4.5,S460,460,Perfobond Ribbon,20,1783.08,99.97,136,219.7,10410.4,8.41,217.5,53.8
30527,0.35,18.3,40.5,52.2,S275,275,Headed Stud,19,1688.592,88.7,103,143.9,4867.2,7.89,132.8,29.8
33618,0.31,19.6,31.2,59.4,S275,275,Headed Stud,16,1505.712,89.92,121,200.1,6505.1,6.46,118,41.1
39990,0.53,5,17.6,44.2,S460,460,Perfobond Ribbon,20,1584.96,84.73,126,202.7,11337.2,7.68,268.1,73.3
30921,0.31,5.2,6.6,15.7,S355,355,Headed Stud,16,929.64,53.04,109,389.3,5187.5,4.05,95.9,31.1
36788,0.49,34.4,22.4,89.3,S460,460,Headed Stud,19,1941.576,116.43,138,99.8,10694.4,9.81,206.5,55.5
29504,0.33,11.3,12.3,10.7,S275,275,Angle Connector,20,1813.56,107.29,156,298.9,6252.7,8.29,141,26.6
34796,0.28,0.8,11.1,31.9,S275,275,Angle Connector,20,1630.68,96.01,159,410.4,9370.2,7.86,194.2,46.1
31618,0.45,31.3,29.9,59.2,S460,460,Headed Stud,22,1377.696,86.87,126,103.3,5654.4,6,201.2,33.5
31815,0.39,29.4,37.6,76.1,S355,355,Headed Stud,19,1594.104,92.05,161,110.4,6935.8,7.47,145.6,34.2
30951,0.3,32.8,41.9,4.6,S460,460,Headed Stud,22,1737.36,89.61,117,139.1,5486.1,8.23,187.3,31.2
30741,0.39,1.2,36.2,47.1,S355,355,Headed Stud,19,1420.368,76.5,146,225.6,6528.7,6.43,136.1,30.5
30558,0.51,31.3,19.3,19.6,S460,460,Angle Connector,20,1591.056,85.34,132,124.3,5806.8,7.86,152.2,29.9
35846,0.28,6.8,3.5,22.5,S355,355,Perfobond Ribbon,20,932.688,54.56,136,387.7,10219,4.33,212.2,50.9
31187,0.37,24.7,23.6,72.6,S355,355,Perfobond Ribbon,20,1554.48,83.82,192,195.8,8094.2,7.92,155.8,32
40585,0.44,25.8,16,47.7,S275,275,Headed Stud,19,1374.648,78.94,186,175.2,16150.8,6.92,242.4,77
37201,0.42,42.9,28.6,25.1,S355,355,Headed Stud,19,1615.44,82.6,108,83.4,9350.5,7.83,212.3,57.6
33643,0.51,12.7,4.1,68.4,S275,275,Headed Stud,16,1170.432,71.32,163,197.5,9148,5.24,118.5,41.2
34864,0.31,26.6,9.3,67.3,S355,355,Headed Stud,16,1725.168,88.7,196,252,9577.2,8.93,128.5,46.4
30527,0.37,14,8.7,56.5,S460,460,Headed Stud,16,1780.032,91.74,112,271.9,5051.5,8.35,96.2,29.8
36768,0.49,0.1,3.9,26.8,S275,275,Headed Stud,19,1170.432,61.57,106,242.5,8642.9,5.73,204.7,55.4
34819,0.47,29.8,31.9,65.9,S355,355,Headed Stud,16,1557.528,84.43,193,101.7,9827.5,7.59,126.4,46.2
38961,0.47,27.7,7.3,11,S355,355,Headed Stud,22,1914.144,97.84,128,170.4,11168.2,9.39,307,67.2
34842,0.33,13.1,46.5,49.2,S355,355,Headed Stud,19,1783.08,95.71,195,140.3,9724.1,8.38,181.7,46.3
41599,0.37,28.6,28.2,74.7,S355,355,Headed Stud,16,1755.648,107.59,110,163.8,9735.4,8.81,185.1,83.6
41434,0.5,44.1,21.8,90.1,S460,460,Headed Stud,19,1161.288,63.4,118,68.5,10746.3,5.36,261.3,82.5
39152,0.35,31.6,10.3,7.4,S355,355,Headed Stud,19,1691.64,94.18,154,202.4,12137.6,7.59,232.4,68.3
37431,0.29,2.6,6.3,19.9,S460,460,Headed Stud,19,1652.016,95.4,115,409.8,9472.8,8.23,207.8,58.8
32091,0.28,24.5,18.8,51,S355,355,Headed Stud,19,1524,82.6,127,241.7,5740.4,7.01,154.8,35.2
30404,0.35,15.3,10.6,49.2,S690,690,Headed Stud,16,1344.168,77.11,154,254.6,6897.1,6.68,95.2,29.4
34796,0.55,25.5,45.2,32.8,S355,355,Perfobond Ribbon,20,2036.064,119.48,176,71.9,9886.7,10.21,195.7,46.1
32914,0.53,14.3,9.4,89.5,S275,275,Perfobond Ribbon,20,1161.288,68.88,136,169.4,6954.3,5.27,172.9,38.3
40411,0.36,43.4,41.5,98.7,S460,460,Headed Stud,22,1042.416,56.39,193,56,15939.8,4.97,333,75.9
37828,0.38,13.2,30,90,S355,355,Headed Stud,16,1639.824,87.17,150,180.6,11213.7,7.96,152.3,60.9
39826,0.44,22.9,44.7,83.6,S355,355,Headed Stud,19,1725.168,96.32,116,77.7,10619.2,7.86,231,72.3
31418,0.53,40.5,25.3,39.4,S355,355,Headed Stud,16,1847.088,106.68,193,92.7,8197.4,8.53,100.1,32.8
32601,0.38,15.3,46.8,72.1,S355,355,Headed Stud,19,1469.136,86.87,130,122,6276,6.92,156.1,37.1
33296,0.35,33.5,13.6,95.4,S460,460,Headed Stud,19,1627.632,88.39,109,177.3,5586.7,7.53,169.5,39.8
41298,0.49,26.2,15.7,84.1,S355,355,Headed Stud,19,1374.648,71.32,181,158.9,16778.4,6.74,261.3,81.6
41100,0.32,3.7,21.2,26.4,S355,355,Angle Connector,20,1883.664,97.23,102,284.7,9714.9,8.5,284.8,80.3
38178,0.33,32.9,4.8,69,S355,355,Headed Stud,16,1755.648,97.84,119,256.5,9767.1,8.23,158,62.8
35374,0.46,43.7,18.8,18.1,S690,690,Headed Stud,19,1575.816,82.3,136,101.1,9196.3,7.71,185.1,48.7
33470,0.51,23.5,10.6,58.7,S355,355,Perfobond Ribbon,20,1255.776,66.45,157,173.6,9016.6,5.88,182.8,40.5
33569,0.41,5.5,22.8,47.7,S355,355,Headed Stud,19,1591.056,90.22,159,207.4,9111.8,7.56,165.3,40.9
32706,0.33,33,44.4,6.7,S275,275,Headed Stud,19,1758.696,104.85,119,113.4,5938.9,9.11,158.7,37.5
33017,0.35,27.8,29.1,35.3,S460,460,Headed Stud,19,969.264,56.08,168,155.8,8648.6,4.72,160.1,38.7
32888,0.46,5.2,5.3,92.3,S690,690,Headed Stud,22,1700.784,95.1,178,227.8,9108.9,8.14,214.8,38.2
37470,0.54,34.2,39.1,40.9,S460,460,Headed Stud,19,1648.968,92.96,165,79.3,12511.7,8.38,208,59
34683,0.37,6.3,41.3,32.8,S355,355,Headed Stud,16,1780.032,93.57,155,191.8,9045.6,8.2,126.4,45.6
35330,0.47,40.5,48.8,42.1,S355,355,Headed Stud,22,1499.616,85.04,194,36.8,9889.6,6.89,258.1,48.5
29898,0.37,11.5,39,80.6,S355,355,Headed Stud,19,1633.728,94.18,115,189,5059,8.05,130.7,27.8
35504,0.32,19.4,30.5,27.4,S355,355,Headed Stud,22,1197.864,59.74,109,205.3,8080.7,5.55,255.5,49.3
39990,0.51,20.5,1.9,68.9,S355,355,Perfobond Ribbon,20,1591.056,83.82,154,205.4,12217.3,7.47,269.1,73.3
30153,0.37,21.7,48.3,91.1,S355,355,Headed Stud,19,1783.08,107.9,186,108.5,7938.9,9.08,127.7,28.6
35676,0.55,26.7,38.3,16.6,S460,460,Headed Stud,16,1527.048,88.39,105,85,8461.9,7.22,130.8,50.1
35264,0.42,18.3,40.7,76.7,S355,355,Headed Stud,19,1770.888,102.41,137,133.9,8429.3,8.23,183.5,48.2
41115,0.53,29.2,42.4,58.2,S355,355,Headed Stud,22,1456.944,87.78,161,77.4,14134.8,7.53,348.5,80.4
35504,0.53,15.8,31.6,2.9,S355,355,Headed Stud,19,1350.264,71.02,177,147.4,11062.7,6.52,188.4,49.3
40883,0.43,17.4,2.8,7.9,S355,355,Headed Stud,19,1225.296,67.97,171,234.3,16106.2,6.07,253.5,78.9
40554,0.39,37.8,1.4,55.6,S275,275,Headed Stud,16,1466.088,75.59,149,210.7,12060.1,7.35,179.4,76.8
40186,0.51,20.8,44.4,34.9,S355,355,Perfobond Ribbon,20,1804.416,103.33,175,88.1,15650.7,8.26,267.1,74.5
39710,0.52,40.5,39.7,98.7,S275,275,Perfobond Ribbon,20,1338.072,73.46,134,42.3,11389.2,6.58,270.9,71.6
31216,0.38,7.7,25.7,34.5,S690,690,Headed Stud,19,1520.952,83.52,120,234.8,5604.8,7.22,142.1,32.1
38734,0.33,30.7,18.4,71.2,S355,355,Headed Stud,22,1917.192,103.63,173,193.3,14489.6,9.69,312.5,65.9
40506,0.51,37.6,26.3,92.7,S355,355,Headed Stud,16,1456.944,76.2,117,74.5,10583.9,7.47,174,76.5
32442,0.29,22.4,11.3,83.2,S460,460,Headed Stud,16,1923.288,115.21,190,261.9,8750.2,9.14,107.3,36.5
41509,0.33,31.8,32.6,64.5,S355,355,Headed Stud,16,1417.32,76.2,110,139,9898.1,7.01,183.5,83
38822,0.52,31.8,45.4,33,S460,460,Headed Stud,19,1267.968,70.1,199,69.5,14542.6,5.58,224.1,66.4
37659,0.4,43.6,2.2,74.8,S460,460,Headed Stud,19,1962.912,112.78,193,155.6,13957,9.45,214.5,60
30801,0.35,9.2,48.2,20.4,S355,355,Headed Stud,16,1429.512,73.76,198,185.8,8057.5,6.07,94.7,30.7
35676,0.29,26.3,6.8,45.3,S690,690,Headed Stud,19,1517.904,85.04,142,296.3,10527.6,7.16,190.4,50.1
38786,0.49,24.9,25.2,85.8,S355,355,Headed Stud,19,2051.304,121.01,113,122.7,9880.4,10.15,225.7,66.2
34336,0.49,27.2,9.7,34.3,S355,355,Angle Connector,20,1633.728,83.82,169,168.7,9396.9,7.62,194.5,44.1
38857,0.33,1.9,16.5,68.6,S355,355,Headed Stud,16,1301.496,67.36,155,316.4,12036.9,6.37,158.5,66.6
33813,0.3,6.4,36,18.6,S275,275,Headed Stud,16,1054.608,60.66,108,232.1,6086.4,5.15,118.9,41.9
37602,0.33,44.2,49.4,92.5,S355,355,Headed Stud,19,1780.032,103.63,177,4.5,13607.2,7.5,212.1,59.7
37994,0.47,34.8,11.1,68.1,S355,355,Headed Stud,19,1682.496,101.8,165,154,13015.4,7.41,216.5,61.8
33495,0.48,20.1,10.6,7.8,S275,275,Headed Stud,19,1770.888,97.54,189,196.4,9285.3,8.41,165.7,40.6
37640,0.46,15,43.5,82.9,S355,355,Headed Stud,16,1947.672,103.94,101,108.8,9438.8,9.97,152.1,59.9
39117,0.29,16.8,35.3,10.9,S460,460,Headed Stud,16,1100.328,61.26,146,202.1,12046.9,4.94,160.6,68.1
39941,0.47,32.9,38.2,55.5,S355,355,Perfobond Ribbon,20,1453.896,81.99,185,66.8,15733.6,7.16,273.6,73
38214,0.42,4.5,23,37.3,S275,275,Headed Stud,16,1539.24,81.99,131,224.9,10161.9,7.62,158.9,63
35396,0.32,12.6,22.9,65.2,S460,460,Headed Stud,19,1426.464,84.43,125,261.1,8420.5,6.92,184.9,48.8
29099,0.39,23.5,21.6,27.3,S690,690,Headed Stud,19,1280.16,64.62,158,176.6,6894.1,6.07,120.6,25.4
29768,0.45,12.9,46.8,65.9,S355,355,Perfobond Ribbon,20,1350.264,77.42,155,124.8,6469.7,6.68,140.6,27.4
39842,0.45,7.9,3.4,44.5,S275,275,Headed Stud,19,1475.232,85.65,154,263.3,12182.5,7.56,241.9,72.4
37084,0.36,24.7,36.3,43.5,S690,690,Headed Stud,16,1261.872,69.8,126,138.5,9854.5,6.22,144.4,57
40805,0.48,18.7,29.3,20.5,S355,355,Headed Stud,19,1027.176,55.17,145,158.2,12237.6,4.72,250.4,78.4
39340,0.4,9.8,13.3,13.3,S355,355,Angle Connector,20,1773.936,105.46,131,254.6,11988.6,8.75,264.1,69.4
40961,0.51,7,23.9,74.5,S355,355,Perfobond Ribbon,20,1862.328,97.84,175,169,16217.7,9.02,287.6,79.4
40039,0.33,12.1,43.5,67.8,S460,460,Headed Stud,22,1453.896,84.12,173,183.9,15689.3,7.41,322.2,73.6
40056,0.46,30.9,11.1,55.5,S355,355,Headed Stud,16,1310.64,78.33,126,156.9,11259.5,6.46,170.1,73.7
37123,0.37,24.9,7.5,77.8,S355,355,Headed Stud,16,1280.16,75.9,143,211.2,10822.3,5.76,148.2,57.2
30710,0.53,26,23.1,70.1,S355,355,Perfobond Ribbon,20,1377.696,77.11,183,108.4,7945.4,6.68,151.9,30.4
40617,0.49,1.5,34.5,77.8,S355,355,Perfobond Ribbon,20,1813.56,97.23,106,179.6,9698.6,8.63,274.9,77.2
31157,0.39,19,12.9,71.2,S355,355,Headed Stud,19,1463.04,78.64,122,199.5,5359.6,7.41,140.9,31.9
29371,0.39,42.6,38.3,91.8,S460,460,Headed Stud,19,1563.624,89.61,122,55,5351.4,7.19,124.1,26.2
40570,0.4,8.9,11.8,79.6,S355,355,Perfobond Ribbon,20,1082.04,57.61,145,231.4,12128.5,5.33,272.8,76.9
41207,0.5,9.2,4.3,39.3,S460,460,Headed Stud,16,1700.784,95.4,128,238.1,11577.2,8.66,185.2,81
33042,0.48,30.7,20.6,61.9,S355,355,Headed Stud,19,1377.696,71.93,170,133.2,8689.8,6.61,158.3,38.8
33170,0.42,5.5,39.3,39.2,S355,355,Headed Stud,16,1338.072,71.63,166,176.8,8591.6,6.52,112.6,39.3
34819,0.55,37.6,8.5,43.9,S355,355,Perfobond Ribbon,20,1633.728,90.22,101,129,6864.8,7.83,197.1,46.2
35198,0.46,12.1,37.4,25.7,S275,275,Headed Stud,19,1883.664,99.97,196,140.5,9918.4,9.08,186.5,47.9
39357,0.42,11.6,25.6,95.7,S690,690,Perfobond Ribbon,20,1831.848,98.45,144,193.4,11982.9,8.81,263.7,69.5
32254,0.38,15,25.9,45.9,S355,355,Headed Stud,19,1432.56,80.16,110,213,5332.4,5.97,152.1,35.8
30058,0.52,27.8,15.8,29.2,S355,355,Headed Stud,19,1588.008,91.14,111,151.6,5083.9,8.14,130.7,28.3
39048,0.5,24.5,1.8,30.4,S355,355,Headed Stud,19,1530.096,92.35,135,190.6,11325.8,7.32,230,67.7
29201,0.34,41.5,7.5,1.9,S460,460,Headed Stud,19,1203.96,64.92,138,184.9,5613.8,5.85,127.5,25.7
41222,0.39,27.1,42.5,72.7,S355,355,Headed Stud,16,1816.608,106.68,145,84.6,12090.8,8.72,185.3,81.1
40023,0.29,32,30.8,5.1,S355,355,Headed Stud,19,1106.424,58.83,147,189.5,12168.8,5.43,232.3,73.5
38395,0.5,20.4,49.5,98.8,S275,275,Headed Stud,19,1676.4,93.27,157,71.1,12346.1,8.2,219.4,64
39760,0.41,26.4,3.8,49.7,S355,355,Headed Stud,19,2011.68,114,155,203.5,12319.9,9.72,235.2,71.9
39925,0.33,36.2,46.5,88.1,S275,275,Headed Stud,19,1191.768,70.41,161,76.3,13866.1,5.73,238.1,72.9
39760,0.42,13.8,40.9,45.2,S355,355,Headed Stud,22,1859.28,105.16,124,140.8,11102.8,8.84,310.8,71.9
39408,0.39,17.4,6.5,52.3,S355,355,Perfobond Ribbon,20,1399.032,80.47,144,260.8,11930.4,6.8,266.3,69.8
29670,0.47,14.2,44.8,85.3,S275,275,Headed Stud,22,1066.8,54.56,122,113.9,5069.4,4.97,170.8,27.1
39957,0.54,8.8,12.6,9.8,S275,275,Perfobond Ribbon,20,1743.456,105.77,178,206.9,15825,8.6,264.3,73.1
41807,0.31,0.1,12.8,7,S460,460,Headed Stud,16,1728.216,93.57,192,381.5,18119.3,7.96,185.7,85
38031,0.51,12.8,33.3,78.9,S275,275,Headed Stud,19,1600.2,96.62,122,130.5,9594.2,7.59,211.6,62
35846,0.44,19.8,38.3,35.9,S460,460,Headed Stud,19,1837.944,96.93,144,112.5,10682.2,8.84,191.1,50.9
38979,0.29,11.7,47.5,30.3,S355,355,Headed Stud,19,1228.344,65.53,154,209.5,11998.5,5.91,229.3,67.3
39925,0.32,35.8,3.9,2,S355,355,Headed Stud,19,1761.744,98.15,136,251,11732.4,8.87,236.1,72.9
32680,0.49,3.3,42,34.3,S355,355,Headed Stud,16,1188.72,83.82,100,157.9,5458.7,5.76,109.3,37.4
41161,0.29,3.1,32.9,49.4,S460,460,Headed Stud,16,1612.392,100.89,162,268.7,14035.3,7.44,183.6,80.7
40411,0.53,0.8,33.5,7.1,S275,275,Headed Stud,16,1429.512,75.59,159,160,13694.2,6.68,173.6,75.9
34774,0.54,11.9,2,57,S460,460,Headed Stud,16,1472.184,83.21,116,198.4,7021.8,6.95,123.6,46
39760,0.51,23.1,10.2,30.9,S355,355,Headed Stud,19,1490.472,81.38,146,171.8,12028.8,7.1,236.1,71.9
33569,0.33,2.3,1.1,70.4,S355,355,Angle Connector,20,1139.952,61.26,119,345.9,6561.3,5.03,183.4,40.9
32064,0.39,27.2,11,4.5,S690,690,Headed Stud,19,1749.552,93.88,150,218.4,7209.1,8.38,150.2,35.1
37393,0.44,16.7,26.1,62,S355,355,Headed Stud,22,1097.28,64.01,155,178.1,11520.7,5.21,279.4,58.6
34909,0.48,43.1,33.8,68.5,S275,275,Headed Stud,19,1036.32,60.66,145,48.1,8999.8,5.12,181.8,46.6
39990,0.42,25.2,33.9,37,S355,355,Perfobond Ribbon,20,1959.864,111.86,132,119.1,11373.2,9.69,265.7,73.3
30680,0.46,27.2,28.1,3.2,S275,275,Headed Stud,22,941.832,49.99,108,132.8,5106.3,4.36,179.9,30.3
35590,0.53,4.5,36,84.2,S355,355,Headed Stud,22,1618.488,91.44,161,131,11057.5,8.2,260.7,49.7
35867,0.33,23.8,18.7,36.7,S355,355,Perfobond Ribbon,20,1258.824,67.06,198,224.4,11647.3,5.97,216.2,51
33837,0.35,20.3,0.3,44.3,S275,275,Perfobond Ribbon,20,1475.232,82.91,167,301.4,9184.7,6.83,189.3,42
41115,0.52,3.2,3,87.1,S355,355,Headed Stud,16,1520.952,84.73,166,231.8,14940.3,7.38,177.6,80.4
41659,0.36,8.9,48.7,68.2,S355,355,Headed Stud,16,1548.384,81.69,169,155.4,16122.3,7.71,184.7,84
33544,0.55,22.2,42,98.3,S275,275,Perfobond Ribbon,20,1203.96,63.09,105,73.4,5605.7,5.49,184.4,40.8
33692,0.35,22.5,34.7,94.3,S355,355,Headed Stud,16,1703.832,90.83,151,136.4,8697.1,7.53,116.1,41.4
36689,0.42,34.5,9.1,4.7,S275,275,Headed Stud,22,1551.432,89,160,196.2,11636.5,7.22,268.1,55
36669,0.55,33.8,26.8,92.6,S460,460,Headed Stud,22,1935.48,112.47,119,100.8,9456.7,8.99,277.1,54.9
41023,0.52,8.4,18.6,76.5,S355,355,Angle Connector,20,1548.384,82.3,115,181.3,10169.8,7.38,275.2,79.8
40298,0.31,44.2,8.5,56.7,S460,460,Angle Connector,20,1880.616,100.89,124,189.4,11134.3,8.2,273.8,75.2
31618,0.29,35.8,46.3,2.2,S355,355,Headed Stud,19,1362.456,78.64,189,92.4,7875.2,6.68,148.7,33.5
40883,0.48,31.5,42.4,36.9,S355,355,Headed Stud,19,1685.544,92.66,108,72.6,9979.6,8.5,252.6,78.9
30680,0.34,27,22.7,89.2,S355,355,Headed Stud,16,1789.176,93.57,166,164,7359.8,8.63,95.1,30.3
39340,0.28,8.7,31.7,31.6,S690,690,Perfobond Ribbon,20,1481.328,85.04,177,273.9,15655.1,6.86,254.5,69.4
39271,0.36,27.9,38.5,79.9,S275,275,Headed Stud,19,1313.688,80.16,107,140.2,9461.4,6.28,231.4,69
32940,0.28,5.9,29.2,17.3,S355,355,Headed Stud,16,1011.936,55.47,159,285.9,8336.1,4.85,109.7,38.4
33445,0.54,26.9,20.1,67.5,S460,460,Headed Stud,19,1569.72,90.22,123,123.4,6486.2,8.5,159.6,40.4
33958,0.46,13.6,28.9,58.4,S355,355,Headed Stud,19,1938.528,117.35,104,154.4,5991.3,9.39,175.4,42.5
38822,0.52,31.3,9.6,75,S690,690,Headed Stud,19,1338.072,79.86,122,130.6,10678.9,6.07,228.9,66.4
41644,0.38,28.6,20.8,68.4,S355,355,Headed Stud,16,1655.064,96.32,145,163,12321.2,8.26,184.5,83.9
37697,0.29,38,4.8,75.7,S690,690,Headed Stud,19,1825.752,92.96,155,223.1,11370.8,8.44,209.3,60.2
35330,0.47,36.9,45.4,23.6,S275,275,Angle Connector,20,1670.304,89,141,74.3,8902.4,7.86,205.1,48.5
40411,0.34,15.7,27.1,14.7,S275,275,Headed Stud,19,1289.304,64.62,101,217.5,9239.9,6.25,246.4,75.9
34077,0.49,1.3,19,84,S355,355,Headed Stud,19,1719.072,101.19,149,207.9,8906,7.83,173.8,43
32732,0.54,16.2,18,98,S460,460,Headed Stud,19,1350.264,75.59,118,160.3,5728.9,6.19,159,37.6
37565,0.28,43.5,30.5,83.8,S355,355,Headed Stud,19,1520.952,95.1,103,125,9490.6,6.95,209.8,59.5
40883,0.29,14.2,3.1,49.7,S355,355,Headed Stud,19,1728.216,92.35,127,341.6,11499.2,8.17,248.7,78.9
39875,0.42,3,43,43.7,S355,355,Headed Stud,16,1213.104,72.24,165,157.4,13831.5,5.73,167.9,72.6
35951,0.49,36.1,31.1,6.8,S460,460,Perfobond Ribbon,20,1719.072,89.92,173,109,11530.9,8.08,213.3,51.4
40696,0.42,20.4,11.3,27.7,S355,355,Headed Stud,19,1173.48,64.01,144,216.3,12066.1,5.43,248.2,77.7
31040,0.4,7.2,38.2,60.8,S355,355,Headed Stud,16,1365.504,69.8,145,168.6,6552.1,6.77,98.6,31.5
41328,0.31,37.1,7.5,11.3,S355,355,Headed Stud,22,1572.768,95.4,192,221.4,18004.2,7.62,346.5,81.8
29703,0.38,13.6,39.6,39.4,S460,460,Headed Stud,16,1847.088,105.16,100,171.5,5032.7,9.36,90.8,27.2
37920,0.34,41.2,10,64.6,S275,275,Headed Stud,16,1917.192,96.01,140,185.3,10892.7,9.33,153.9,61.4
31954,0.39,11.8,48.2,50.1,S355,355,Headed Stud,19,1703.832,86.56,162,120,7032.3,8.32,153.1,34.7
41252,0.53,39.7,33.1,35.7,S690,690,Headed Stud,19,1371.6,78.64,197,63,16532.9,6.64,255.1,81.3
39492,0.37,14.3,48,94.3,S355,355,Headed Stud,19,1130.808,63.4,128,122.5,11114.4,5.67,230.9,70.3
41161,0.51,29.5,28.7,1.6,S355,355,Headed Stud,19,1990.344,103.02,174,131.1,16121.5,9.36,256.2,80.7
40395,0.5,12.9,26.7,79.9,S275,275,Angle Connector,20,1688.592,93.88,193,154.5,16184.9,8.53,276.7,75.8
35461,0.35,31.8,13.1,34.3,S355,355,Headed Stud,22,1822.704,111.56,181,214.2,10891.1,8.96,261.2,49.1
37640,0.29,3.2,7.5,13.6,S275,275,Angle Connector,20,1459.992,80.77,112,377.1,8886.8,6.8,237,59.9
36426,0.39,14.1,12.1,74.9,S355,355,Headed Stud,16,2057.4,106.98,115,237.2,8536.6,9.57,142.9,53.7
32914,0.36,38.6,8,88.7,S275,275,Headed Stud,22,1118.616,63.7,129,166.1,6458.8,5.46,211.2,38.3
36927,0.32,12.1,0.4,99.5,S275,275,Headed Stud,19,1597.152,81.99,179,345,12443.3,7.92,202.4,56.2
38874,0.5,2.2,35.6,16.8,S355,355,Headed Stud,19,1819.656,99.06,169,180,14051.6,8.23,234.1,66.7
31954,0.38,29.7,28.1,45.1,S355,355,Headed Stud,19,1463.04,75.9,192,139.8,8263.6,7.01,151.9,34.7
32575,0.5,12.7,30.3,71.5,S275,275,Headed Stud,22,1676.4,95.1,127,150.8,6218.6,7.71,213.4,37
40837,0.3,34.4,5.5,82.3,S275,275,Headed Stud,16,1487.424,81.08,146,235.9,12162.2,6.95,180.2,78.6
40379,0.29,10.9,10.9,77.9,S460,460,Angle Connector,20,1450.848,85.95,174,350.5,15967.9,7.28,269.8,75.7
35043,0.32,8.5,22.8,63.6,S355,355,Headed Stud,19,1435.608,72.85,107,262.2,6635,7.32,182.8,47.2
30951,0.39,33.4,5.1,52.7,S355,355,Headed Stud,19,1499.616,89.31,184,207.8,7863.2,6.58,137,31.2
34006,0.52,30.8,7.4,72.6,S690,690,Angle Connector,20,1075.944,65.84,183,140.9,9588.8,5.46,189.9,42.7
33470,0.4,3.8,14.4,38.8,S275,275,Headed Stud,16,1560.576,84.43,121,255.1,6520.4,6.8,117.1,40.5
37902,0.42,6.1,28.5,9.6,S355,355,Headed Stud,19,1158.24,60.66,128,192.1,9888.7,5.64,218.4,61.3
36159,0.43,9.9,34.9,9.3,S355,355,Headed Stud,22,1478.28,79.25,193,176.6,11755.4,7.59,267.1,52.4
29670,0.46,28.5,16.9,46.2,S355,355,Perfobond Ribbon,20,1456.944,80.47,150,151.3,6485.9,7.04,140.3,27.1
38160,0.53,33.7,13.5,63.7,S690,690,Headed Stud,16,1731.264,96.93,169,123.1,13800.3,8.5,154.7,62.7
36014,0.32,20.1,27.1,98.7,S355,355,Headed Stud,19,1322.832,73.76,181,193.8,11792.5,6.52,192.9,51.7
32118,0.53,30.6,45.5,42.2,S690,690,Headed Stud,16,1770.888,104.24,193,77.8,8580.8,8.35,108.8,35.3
36628,0.5,39.5,25,87.2,S275,275,Headed Stud,19,1386.84,87.48,126,100.2,9584.6,6.55,206,54.7
30831,0.52,24.9,20.4,9.9,S460,460,Perfobond Ribbon,20,1746.504,106.07,166,140,7485,8.75,152.2,30.8
33042,0.36,5.9,38,94.7,S355,355,Headed Stud,19,1673.352,97.84,107,213,5458.8,7.99,159.2,38.8
39610,0.31,34.3,1.1,97.6,S355,355,Headed Stud,19,2011.68,106.68,176,244.3,15896.9,9.66,235.2,71
32575,0.37,13.3,18.2,9.1,S355,355,Headed Stud,16,1450.848,80.16,167,236.5,8541.2,6.83,109.3,37
40601,0.52,38.1,14,45.4,S275,275,Angle Connector,20,1572.768,85.04,145,121.7,12070.5,7.53,274,77.1
31926,0.35,1.7,27.6,67.6,S355,355,Headed Stud,16,1298.448,73.15,177,266,8127.2,5.82,106.8,34.6
36283,0.3,38,4.1,48.1,S355,355,Headed Stud,16,1149.096,68.58,170,233.2,11562.7,5.43,142.2,53
41389,0.33,33.2,20.6,86.3,S355,355,Headed Stud,16,1917.192,106.38,104,157.4,9746.3,8.72,181.6,82.2
31646,0.54,28.3,17.3,23.8,S460,460,Headed Stud,22,1905,100.89,127,130,5895.2,9.36,202.1,33.6
41313,0.38,15.2,29.5,62.1,S355,355,Headed Stud,19,1743.456,83.52,193,204.6,17180,9.14,257.4,81.7
38251,0.42,15.8,24.7,58,S355,355,Perfobond Ribbon,20,1313.688,65.84,163,185.3,12974,6.4,248.5,63.2
37045,0.54,26,22.4,60,S355,355,Headed Stud,16,1676.4,104.85,161,120.5,12171.6,7.99,142.9,56.8
31099,0.49,21,23.6,80.8,S355,355,Headed Stud,19,1277.112,67.36,130,142.2,5523.1,6.4,144.4,31.7
39875,0.45,8,47.6,86.1,S355,355,Headed Stud,19,1517.904,78.33,149,132.4,11880.1,7.22,239.4,72.6
41328,0.29,6.4,18.6,75.8,S355,355,Headed Stud,16,1746.504,94.79,166,321.7,15063.6,8.5,186.4,81.8
37957,0.36,14.8,36.9,91.1,S460,460,Perfobond Ribbon,20,1441.704,87.17,108,178.8,9318.7,6.58,238.4,61.6
38305,0.38,25.8,6.5,44.8,S460,460,Headed Stud,22,1740.408,96.62,127,207.7,9953.7,8.29,291.3,63.5
29133,0.49,20.2,48,39.2,S275,275,Headed Stud,16,1395.984,79.25,178,81.3,7572.2,6.98,86.6,25.5
39475,0.28,25.1,8.7,57.5,S460,460,Headed Stud,19,1420.368,86.56,119,284.8,10480.2,7.04,232.1,70.2
38663,0.4,25.5,44.2,96.6,S355,355,Headed Stud,19,1463.04,81.08,137,94.7,10859.7,7.5,223.1,65.5
39693,0.45,35.1,35.4,30.1,S355,355,Angle Connector,20,1517.904,82.6,104,82.8,9773,6.92,267.1,71.5
37939,0.42,17.9,19.7,91.1,S275,275,Headed Stud,19,1456.944,77.72,195,176.3,13795.1,6.55,215.7,61.5
38926,0.47,41.1,16.8,96.6,S355,355,Headed Stud,19,1584.96,87.48,187,97.6,14529.8,7.62,230.9,67
37902,0.31,24.8,8.5,86.8,S690,690,Headed Stud,19,1840.992,99.97,114,281,9517.1,9.39,209.2,61.3
36159,0.46,37.1,47.8,70.3,S275,275,Perfobond Ribbon,20,1222.248,67.36,157,54.6,11016.7,5.88,218.8,52.4
34476,0.45,6.8,27.3,12.7,S355,355,Perfobond Ribbon,20,1197.864,62.48,152,190.9,9082,6.31,195,44.7
30921,0.55,24.5,37.7,57.9,S275,275,Headed Stud,19,1517.904,81.69,169,99.5,7116.1,7.32,143.1,31.1
37527,0.34,33.9,14.2,89.4,S690,690,Headed Stud,22,1307.592,82.6,147,204.3,11216.6,6.1,283.5,59.3
39492,0.32,32.1,26.7,72.3,S355,355,Angle Connector,20,1100.328,54.86,177,163.5,15446.3,5.24,264.4,70.3
41689,0.48,11.8,42.9,62.2,S355,355,Headed Stud,16,1417.32,74.37,151,125.6,12385.6,6.49,183.9,84.2
31303,0.46,24.4,4,94,S355,355,Headed Stud,16,1289.304,71.32,110,190.3,4984.7,6.46,100.5,32.4
32200,0.29,4.6,44.4,56.8,S355,355,Headed Stud,22,1676.4,91.74,109,240.3,5265.6,8.08,205.6,35.6
35526,0.45,13.7,21.6,8,S355,355,Perfobond Ribbon,20,1645.92,90.22,171,209.5,11237.4,7.56,210.9,49.4
38716,0.41,14.4,47.2,13,S355,355,Headed Stud,19,1539.24,92.05,148,151.3,11807,7.41,226.8,65.8
38539,0.33,23.8,39.2,3.4,S460,460,Headed Stud,19,1377.696,65.53,160,172.2,13090.4,6.61,225.3,64.8
30248,0.31,26,41.9,84.6,S460,460,Headed Stud,16,1097.28,61.57,148,131.9,6745.3,5.39,93.4,28.9
38734,0.5,9.8,6.9,5.4,S460,460,Perfobond Ribbon,20,2033.016,117.65,138,233.8,11667.2,9.11,255.9,65.9
33544,0.44,20.9,17.1,35.6,S355,355,Perfobond Ribbon,20,1773.936,108.51,182,177.9,9514.6,8.35,184,40.8
40522,0.45,31.8,33.8,64.5,S460,460,Headed Stud,16,1444.752,80.77,117,94.6,10390.6,7.13,171.7,76.6
40522,0.37,33.7,35.4,25.2,S275,275,Headed Stud,19,1316.736,74.37,167,122.8,14585.2,6.31,245.7,76.6
39693,0.34,37.9,10.6,50.2,S355,355,Headed Stud,19,1569.72,86.56,187,205.5,15613.4,7.68,239.1,71.5
30980,0.44,22,25.6,22.9,S460,460,Headed Stud,19,1780.032,96.32,199,161.8,8279.9,8.72,141.9,31.3
36467,0.51,10.2,35.2,14.4,S355,355,Headed Stud,16,1042.416,57.61,169,137.5,11577.9,5.09,145.6,53.9
33837,0.33,33.9,28.3,24.2,S690,690,Headed Stud,19,1746.504,101.8,125,176,7162.4,8.14,171.7,42
39892,0.5,43.4,40.8,53.1,S690,690,Headed Stud,19,1350.264,72.54,167,61.8,14545.2,6.77,233.4,72.7
33982,0.44,19.5,42,0.7,S355,355,Headed Stud,22,1399.032,73.15,191,120,9471.5,6.74,220.1,42.6
37546,0.41,43.1,35.6,92.8,S355,355,Headed Stud,19,1487.424,83.82,193,56,13740.2,7.38,213.2,59.4
32442,0.36,41.8,41.4,44.9,S275,275,Headed Stud,22,1624.584,78.33,142,83.4,7158.8,7.53,208,36.5
38431,0.54,35,29.6,7,S355,355,Headed Stud,16,1682.496,96.93,130,89.1,10263.6,7.77,158.5,64.2
41023,0.5,0.4,7.2,81.3,S275,275,Headed Stud,19,1520.952,83.82,196,230.1,16818.9,8.2,254.8,79.8
41313,0.42,24.2,41,13.3,S690,690,Perfobond Ribbon,20,1469.136,88.39,188,113.4,17234.3,7.13,287,81.7
38160,0.35,40.2,4.6,56.5,S355,355,Headed Stud,16,1496.568,82.91,122,179,9850.9,7.41,156.9,62.7
30921,0.5,35.7,6.6,71,S275,275,Perfobond Ribbon,20,1819.656,104.55,116,133.4,4963.7,8.69,161.8,31.1
39842,0.35,24.4,29.4,0.9,S355,355,Headed Stud,16,1289.304,77.42,135,186.5,11719.1,6.28,173.1,72.4
32628,0.33,17,34.8,86.2,S460,460,Headed Stud,16,1136.904,64.92,128,177.4,6387.5,5.24,110.5,37.2
33667,0.3,7.1,41.9,21.4,S460,460,Angle Connector,20,1691.64,83.82,149,246.6,8987.1,7.68,182.4,41.3
35308,0.32,19.6,46.3,47.3,S460,460,Headed Stud,16,960.12,53.64,129,160.1,8354,4.6,130.4,48.4
38961,0.34,10.2,15.9,35.2,S275,275,Headed Stud,19,1591.056,91.14,177,271.8,14869.5,7.56,220.8,67.2
36887,0.45,4.4,26.4,65.5,S275,275,Headed Stud,22,1636.776,85.04,189,196.8,12254.8,7.22,277.3,56
38926,0.44,33.6,35.7,83.7,S355,355,Headed Stud,19,1411.224,77.42,184,104.5,14549.6,6.52,226.6,67
37278,0.38,40.9,6.3,0.6,S355,355,Headed Stud,19,2051.304,118.87,169,164.4,12984.6,9.81,209.1,58
38645,0.35,10.9,21.8,78.5,S355,355,Headed Stud,22,1694.688,98.15,101,256.2,9283.9,7.5,297.1,65.4
30310,0.54,44.3,20.8,39.9,S355,355,Headed Stud,16,1392.936,72.54,137,84.1,5740.9,6.58,96.1,29.1
30216,0.41,40.6,47.8,13,S355,355,Perfobond Ribbon,20,1264.92,66.14,178,44,7640.9,5.97,146.7,28.8
40868,0.46,44.2,38.6,38.5,S275,275,Headed Stud,16,1368.552,75.29,111,48.1,9550.9,6.77,181.7,78.8
37316,0.49,16.1,3.5,8.4,S690,690,Headed Stud,19,1776.984,91.74,186,212.7,13712.5,8.35,210,58.2
37865,0.42,15.9,17.7,96.3,S460,460,Perfobond Ribbon,20,1210.056,67.06,181,210.9,13872.9,5.82,236.4,61.1
37772,0.47,34.9,46.6,72.5,S275,275,Headed Stud,16,1194.816,67.06,117,68.7,9309.1,5.82,154.2,60.6
38232,0.43,36.4,2.1,35.7,S275,275,Headed Stud,16,1633.728,87.78,177,182,14103.8,7.92,157.5,63.1
36507,0.43,32.6,47.3,71.7,S275,275,Perfobond Ribbon,20,1368.552,78.64,142,67.7,10632.7,6.25,227.2,54.1
38610,0.42,20.8,42.4,17.2,S355,355,Headed Stud,19,2066.544,114.6,195,122.1,14699.1,9.81,227.4,65.2
35676,0.53,16.3,47.4,22.9,S355,355,Headed Stud,16,1240.536,57.61,122,104.8,9151.8,5.7,134.3,50.1
36927,0.47,16.7,28.6,92.6,S355,355,Headed Stud,22,1392.936,75.29,186,153.3,12557.2,6.86,277.4,56.2
41494,0.31,35.7,31.7,79.3,S355,355,Headed Stud,16,1816.608,90.22,108,135.7,9958.6,8.9,185.1,82.9
39859,0.5,15.7,44.4,62.5,S355,355,Headed Stud,22,1200.912,67.97,103,97.2,9883.7,5.85,310,72.5
33445,0.42,15.6,2.4,92.2,S355,355,Headed Stud,19,1097.28,56.39,182,225,9248.8,5.3,167.1,40.4
30404,0.4,44.3,20,52.3,S690,690,Headed Stud,19,1780.032,99.67,196,108.9,8725.5,8.23,133,29.4
40427,0.54,23.4,7.9,62.4,S355,355,Perfobond Ribbon,20,1752.6,93.27,184,170.9,16348.9,8.75,275.9,76
37659,0.35,38.2,8.4,47,S355,355,Headed Stud,19,1520.952,88.09,159,208.8,12678.2,6.83,210.8,60
38874,0.47,0.3,40.1,7.2,S355,355,Headed Stud,22,1773.936,95.71,178,182.3,14613.7,8.17,319.6,66.7
34819,0.41,24.8,1.6,23.8,S275,275,Headed Stud,22,1359.408,78.03,186,232.7,9844,6.13,237.2,46.2
37828,0.44,29.6,28.4,43.6,S355,355,Headed Stud,19,1274.064,76.5,117,124.5,9701.6,6,217.5,60.9
41748,0.38,37,18.5,63.7,S355,355,Headed Stud,19,1298.448,80.77,136,157.7,11906.9,6.77,264.4,84.6
33716,0.44,34.4,45.9,4.8,S275,275,Headed Stud,19,1905,111.56,180,84.1,9363,9.24,167.3,41.5
36365,0.28,44.2,1.2,20.3,S355,355,Headed Stud,16,1652.016,85.04,166,252.3,11704.3,7.65,143.2,53.4
40331,0.46,39,23,9.1,S690,690,Perfobond Ribbon,20,1856.232,106.98,180,128.5,15878.5,8.41,274.2,75.4
37957,0.34,7.2,1.1,38,S355,355,Headed Stud,19,1743.456,89.31,146,325.2,11178.2,9.27,212.5,61.6
34243,0.5,20.4,28.8,62.5,S355,355,Headed Stud,16,1158.24,61.57,198,126.8,9490.2,5.46,121.2,43.7
41674,0.53,40.8,14.8,1.6,S275,275,Headed Stud,16,1761.744,108.51,174,112.9,17421.7,8.02,184.8,84.1
41146,0.52,31.1,18,52.1,S690,690,Headed Stud,19,1286.256,71.02,130,116.1,11907.3,6,261.5,80.6
36649,0.44,17.9,20.7,67.7,S355,355,Headed Stud,16,1725.168,89.61,136,161.5,10513.1,8.47,140.4,54.8
39990,0.3,36.2,36.3,9.9,S275,275,Headed Stud,22,2017.776,109.12,175,117.2,15509.1,9.2,323.4,73.3
29670,0.54,26.2,40.5,54.7,S275,275,Headed Stud,19,1938.528,112.17,150,70.1,6292.3,9.66,125.1,27.1
40137,0.34,10.8,6.4,61.5,S275,275,Headed Stud,19,2002.536,107.9,147,295.6,12091.7,9.02,251.3,74.2
32706,0.38,40.2,43.6,30,S460,460,Perfobond Ribbon,20,1243.584,63.4,105,84.4,5200,5.91,173,37.5
28995,0.48,13.4,34.6,90.2,S355,355,Perfobond Ribbon,20,1548.384,81.99,166,120.9,7284,7.65,134.2,25.1
33371,0.44,4.3,13,36.4,S355,355,Headed Stud,16,1609.344,90.53,170,248.5,8941.1,7.62,116.9,40.1
38909,0.45,45,1.8,16,S355,355,Headed Stud,19,1786.128,95.71,112,145,9708.3,8.47,230.8,66.9
34954,0.29,8.9,36.5,96.6,S355,355,Headed Stud,16,1853.184,103.94,133,231.9,8279.1,8.56,126.9,46.8
33220,0.33,1.4,38.5,95.2,S355,355,Perfobond Ribbon,20,1292.352,76.81,160,230.3,8344.3,6.13,178.3,39.5
38141,0.29,22,26.4,77.6,S355,355,Headed Stud,19,1898.904,111.56,153,248.3,11714.7,9.17,218.5,62.6
35461,0.51,1.9,42.1,18.5,S275,275,Headed Stud,19,1322.832,74.68,159,148.8,10426.2,5.94,188,49.1
30921,0.29,20.8,36.5,2.7,S355,355,Headed Stud,19,1456.944,81.99,156,213.5,6480.4,7.16,139.1,31.1
35761,0.39,14,9.3,58.8,S460,460,Headed Stud,19,1591.056,96.01,178,257.2,11442.7,7.99,190.9,50.5
35867,0.36,13.2,30.3,63.4,S355,355,Headed Stud,19,1588.008,87.17,177,188.5,11485.1,7.62,192.4,51
32254,0.39,11.1,13.2,2.3,S460,460,Perfobond Ribbon,20,1365.504,74.68,178,249.4,8368.3,6.68,168.1,35.8
34453,0.45,16.9,22.4,85.4,S275,275,Perfobond Ribbon,20,990.6,57,189,178.2,9548.8,4.69,191.9,44.6
36014,0.48,42.5,49.7,74.8,S460,460,Headed Stud,16,1603.248,82.6,185,35.1,11594.1,7.44,136.9,51.7
39726,0.52,13,7.5,98,S355,355,Headed Stud,16,1371.6,78.94,188,173.1,15946.3,6.37,172.4,71.7
34568,0.31,37.9,40.6,29.5,S460,460,Headed Stud,19,1417.32,74.98,139,99.4,8463.4,6.49,178.8,45.1
39323,0.37,12.7,26.8,44.9,S275,275,Headed Stud,22,1655.064,103.63,157,226.6,13272.5,7.77,308,69.3
38287,0.38,6,19.8,46.2,S355,355,Perfobond Ribbon,20,1423.416,71.02,180,265.7,14495.4,6.77,250,63.4
37809,0.54,21.7,38.1,68.3,S355,355,Perfobond Ribbon,20,914.4,50.6,176,85.1,13481.9,4.51,239.7,60.8
40363,0.33,35.7,3.3,1.7,S355,355,Angle Connector,20,1639.824,90.22,141,219.5,12162.9,8.26,271.9,75.6
38503,0.5,34.1,27.2,73,S460,460,Headed Stud,16,1359.408,71.32,194,103.7,14655.7,6.1,154.3,64.6
32628,0.43,19.1,45.5,82.2,S460,460,Headed Stud,19,1249.68,78.94,200,119.3,9094.4,5.94,160.1,37.2
41718,0.47,36.5,35.2,49.4,S690,690,Headed Stud,19,1508.76,83.21,182,78.6,18708.7,7.25,260.7,84.4
36887,0.5,22.3,29.8,87.5,S460,460,Headed Stud,16,1240.536,69.8,145,110.6,11122.8,5.58,143.6,56
37201,0.37,40.7,15.6,67.8,S275,275,Headed Stud,19,1938.528,110.03,171,127.2,12528,9.11,209,57.6
38013,0.43,30.1,7.9,33.1,S460,460,Headed Stud,19,2008.632,121.62,117,194.5,9640.1,9.17,216.5,61.9
33740,0.39,20,41.4,75.2,S275,275,Headed Stud,19,1188.72,66.45,178,107.8,9356.4,5.82,164.8,41.6
41494,0.29,41.6,47.2,16,S355,355,Headed Stud,19,1749.552,82.91,136,83.2,11846.1,7.62,266.3,82.9
36097,0.29,26.8,39.9,12,S275,275,Headed Stud,16,1709.928,98.76,119,131.5,8548.4,8.02,132.4,52.1
38431,0.34,7.2,18.4,42.6,S355,355,Headed Stud,16,1335.024,78.94,120,272.9,9771.7,6.86,157.2,64.2
37431,0.34,5.9,6.3,73,S355,355,Headed Stud,16,1780.032,98.76,178,311.6,13595.1,9.02,150.4,58.8
30650,0.42,33,13.9,81.8,S690,690,Angle Connector,20,1063.752,64.92,165,164.1,7546.7,4.63,151.5,30.2
38287,0.53,20.2,16.9,5.9,S460,460,Headed Stud,19,1310.64,71.93,183,176.2,14181.8,6.31,218,63.4
40852,0.38,22.4,23.2,38.2,S460,460,Headed Stud,16,1569.72,96.32,150,206.3,12115.8,7.77,181.1,78.7
38681,0.41,11.8,39.5,24.2,S275,275,Headed Stud,19,1597.152,84.73,167,179.6,13633.8,7.07,223,65.6
37162,0.38,13.4,7.9,27.5,S355,355,Headed Stud,16,1618.488,97.54,146,265.1,10755.6,7.65,145.9,57.4
31731,0.43,42.3,41.4,11.3,S355,355,Headed Stud,19,1685.544,92.96,172,71.4,7570.1,7.8,148.9,33.9
39643,0.52,25.1,12.1,81.7,S460,460,Perfobond Ribbon,20,1527.048,94.49,192,160.1,15865.3,7.68,268.1,71.2
39776,0.36,19,29.4,9.9,S460,460,Headed Stud,19,1459.992,75.59,124,182.7,11146.1,6.86,234.6,72
36507,0.51,2.9,34,64.5,S460,460,Headed Stud,22,1365.504,79.86,115,173,8553.3,6.8,270.5,54.1
29800,0.35,43.2,25.4,59.5,S275,275,Headed Stud,19,1307.592,69.8,136,125.1,5461.4,6.19,127.6,27.5
31245,0.4,12.8,29.3,1.3,S355,355,Headed Stud,16,920.496,53.04,171,205.8,7414.5,4.21,99.8,32.2
37994,0.53,40.1,16.8,70,S355,355,Headed Stud,19,1533.144,92.66,113,106.9,9593.3,7.65,215.7,61.8
41644,0.29,26.2,5.3,8,S355,355,Headed Stud,19,1496.568,84.12,116,298.4,10565.7,7.38,269.9,83.9
38068,0.46,8,46.4,4.9,S460,460,Headed Stud,16,1816.608,101.19,145,144.8,11742.6,8.44,151,62.2
34705,0.49,16,17,47.4,S460,460,Headed Stud,16,984.504,57.3,175,188.7,9552.2,4.6,127.6,45.7
38377,0.33,27.1,5.5,99.2,S460,460,Headed Stud,16,1557.528,88.7,192,249.1,14798.4,7.68,156.4,63.9
36848,0.44,16.2,49.5,84.1,S355,355,Headed Stud,19,1338.072,74.68,129,112.7,9706.2,6.74,201.8,55.8
38287,0.44,3.4,46.6,44,S355,355,Headed Stud,19,1627.632,90.83,140,154.3,11053.7,7.62,219.1,63.4
37489,0.47,7.2,11.9,89.6,S355,355,Headed Stud,22,1331.976,78.33,192,208.4,13590.8,6.25,281,59.1
39391,0.46,36.3,43.7,0.4,S275,275,Headed Stud,22,1755.648,99.06,162,78.4,13652.1,7.96,310.1,69.7
41644,0.44,1.2,41,99.5,S275,275,Perfobond Ribbon,20,2063.496,112.17,173,167.5,17463.7,9.33,291,83.9
35612,0.4,39.8,25.7,29.5,S690,690,Perfobond Ribbon,20,1389.888,76.5,180,102.8,11483.3,7.13,211.4,49.8
31187,0.46,39.6,8.2,11.5,S355,355,Perfobond Ribbon,20,1185.672,61.87,155,169.3,6615.1,6.04,157.4,32
39254,0.31,2.1,29.5,83.7,S355,355,Headed Stud,19,1331.976,75.29,183,268.2,15393.1,6.13,232.3,68.9
35846,0.36,26.4,42.5,18.6,S460,460,Headed Stud,16,1463.04,81.38,106,104.9,8444.4,7.22,135.3,50.9
37355,0.29,39.6,9.3,83.3,S275,275,Headed Stud,22,1856.232,108.51,131,221.3,10096.3,8.17,276.1,58.4
41283,0.31,4.9,3.5,82.3,S460,460,Headed Stud,19,1517.904,82.6,133,347.3,11831.1,7.38,265.7,81.5
40554,0.4,30.6,0.6,27.5,S275,275,Headed Stud,19,1423.416,78.33,115,214.4,9774.8,7.25,249.7,76.8
36180,0.36,34.3,10.2,59.3,S355,355,Headed Stud,19,1639.824,93.57,112,200.1,8420.6,7.71,198.7,52.5
33789,0.51,40.7,42.5,82.6,S355,355,Headed Stud,19,1472.184,73.76,188,49.5,9505.7,7.01,162,41.8
34006,0.52,11.8,22.4,66.7,S355,355,Angle Connector,20,1517.904,87.17,138,167.2,7968.9,7.62,195.7,42.7
39100,0.46,44.9,5.8,57.5,S690,690,Headed Stud,19,2121.408,114.3,163,126.6,13611.7,10.21,226.8,68
41434,0.37,2.7,22.9,17.9,S355,355,Headed Stud,16,1536.192,101.5,143,266.3,12303.3,7.59,185.6,82.5
32335,0.53,35,45.7,88.5,S355,355,Perfobond Ribbon,20,1563.624,84.43,108,46.3,5179.4,7.28,162.1,36.1
33569,0.29,9.9,4.5,41.2,S355,355,Headed Stud,19,1408.176,80.47,121,377.2,6673.2,7.04,159.4,40.9
32991,0.42,7.9,26.3,84.3,S275,275,Headed Stud,19,1408.176,68.58,113,184.7,5499.1,6.89,158.3,38.6
36608,0.53,2.1,39.5,96,S275,275,Headed Stud,22,1133.856,63.4,190,149.8,11714.1,5.3,277.2,54.6
40218,0.41,40.6,31,93.1,S275,275,Headed Stud,19,2011.68,106.68,128,67,11169.9,9.88,248.8,74.7
41344,0.35,17.7,3.5,74.5,S460,460,Headed Stud,16,1575.816,96.32,132,272,11826.1,7.41,185.2,81.9
39941,0.37,28,18.2,91,S460,460,Headed Stud,16,1780.032,106.38,188,179.4,15748.8,7.65,175.9,73
34954,0.47,20.5,5.2,94.8,S275,275,Headed Stud,19,1453.896,81.69,110,190.6,6837.3,7.01,181.8,46.8
36097,0.54,40.5,17.9,89.5,S275,275,Headed Stud,16,1746.504,92.96,121,99.4,8872.7,8.47,134.2,52.1
37753,0.34,16.9,8.9,20.6,S355,355,Headed Stud,16,1889.76,116.74,199,263.5,14115.8,9.27,148.1,60.5
39776,0.31,16.1,32.6,66.6,S275,275,Headed Stud,16,1716.024,103.94,131,236.1,11693.6,7.71,171.6,72
39509,0.52,7,10.9,1.4,S355,355,Headed Stud,16,1295.4,75.29,165,212.3,13715.4,6.4,174.8,70.4
30435,0.41,41.6,26.7,26,S355,355,Headed Stud,19,1338.072,78.94,141,100,6109,6.25,131.3,29.5
40601,0.32,22.2,9,79.2,S460,460,Headed Stud,16,1865.376,103.63,118,271.5,10494.1,8.9,176.9,77.1
36159,0.51,11.5,25.5,19.3,S275,275,Headed Stud,19,1490.472,76.2,177,155.6,11294.7,6.92,190.8,52.4
30619,0.39,23.2,23.1,44.4,S355,355,Headed Stud,19,1926.336,105.46,115,183.4,5148.1,9.17,133.6,30.1
34266,0.53,13.1,9.5,22.3,S690,690,Headed Stud,22,1200.912,68.28,122,194.3,6978.2,5.46,233.9,43.8
40930,0.51,32.2,6.6,5,S355,355,Perfobond Ribbon,20,1813.56,90.53,135,170.5,11814.2,9.3,281.2,79.2
41539,0.51,15.2,11.4,29.2,S355,355,Headed Stud,19,1895.856,106.68,156,179.8,12637.6,8.96,260.5,83.2
39676,0.29,24.5,26.9,19.5,S355,355,Angle Connector,20,1014.984,49.68,167,245.2,14810,4.97,263.5,71.4
41100,0.3,40.9,29.1,87.1,S460,460,Perfobond Ribbon,20,1374.648,70.1,149,140.4,12228.7,6.34,284.6,80.3
36139,0.42,25.4,8.7,46.2,S460,460,Headed Stud,19,1648.968,92.66,144,217.3,10686,8.14,193.6,52.3
37828,0.33,4.3,45.2,31.6,S355,355,Headed Stud,19,1505.712,92.66,176,204.2,13653.4,7.25,218.6,60.9
32628,0.5,9.7,38.9,34.9,S355,355,Perfobond Ribbon,20,1844.04,102.72,124,155.7,6020.1,9.14,166.8,37.2
38892,0.53,31.7,44.2,18.4,S355,355,Headed Stud,19,1203.96,67.06,118,85.4,10313.8,5.64,225.8,66.8
35286,0.34,39.2,28.3,32.5,S355,355,Headed Stud,16,1752.6,97.23,200,112.8,9757.8,8.66,135.4,48.3
39408,0.34,35.1,8.4,18.4,S355,355,Headed Stud,19,1856.232,98.45,148,202.9,12113.2,9.02,235.4,69.8
39031,0.29,23.8,19.2,44.4,S355,355,Headed Stud,16,1219.2,67.67,165,224.1,13653.9,5.73,159.6,67.6
40202,0.45,19,14.5,63.2,S355,355,Headed Stud,19,1420.368,81.08,107,196.7,9576.1,6.55,242.8,74.6
33862,0.49,3.7,9.1,20.2,S355,355,Headed Stud,19,926.592,53.95,123,227.1,6783.4,4.48,172.2,42.1
35132,0.46,17.4,2.7,44.7,S275,275,Headed Stud,22,1112.52,61.87,149,233.7,9150.3,5.76,244,47.6
33068,0.32,32.1,33,0.7,S690,690,Headed Stud,16,1834.896,91.74,193,139.2,9111.9,8.96,113.5,38.9
39289,0.48,32.8,39.3,11.2,S355,355,Headed Stud,19,1880.616,109.73,126,77.4,11231.4,8.78,230.8,69.1
30619,0.48,25.4,30.3,64.3,S275,275,Headed Stud,22,1886.712,95.1,101,121.5,4826.1,8.84,181.8,30.1
31815,0.46,29.9,41.2,62.9,S275,275,Headed Stud,19,1447.8,84.73,139,87,5831.7,7.07,143,34.2
33144,0.3,22.8,8.7,59.2,S355,355,Perfobond Ribbon,20,1865.376,117.35,191,296.9,8890.1,9.11,178.4,39.2
37976,0.52,44.8,13.5,32.7,S690,690,Headed Stud,16,1438.656,79.25,157,109.9,12507.8,7.04,155.7,61.7
38734,0.44,38.3,45.5,73.4,S460,460,Headed Stud,16,1466.088,81.99,185,51.1,14591.7,6.98,161.5,65.9
37678,0.44,20.6,4.7,59.1,S355,355,Headed Stud,19,1819.656,98.45,161,225,12574.4,8.81,213.2,60.1
37355,0.33,22.4,46.2,46.1,S355,355,Headed Stud,19,1136.904,64.92,111,134.5,9308.9,5.67,212.2,58.4
36487,0.34,42.1,31.7,57.5,S275,275,Headed Stud,19,1536.192,81.69,179,112.7,11229.3,7.92,197,54
34545,0.49,42.8,5.9,24.1,S355,355,Headed Stud,19,1840.992,101.5,172,134.5,9552.1,8.66,174.6,45
37583,0.52,15.1,22.9,31.2,S355,355,Headed Stud,16,1472.184,83.52,102,172.4,9312,7.19,149.1,59.6
37809,0.28,2,8.5,53.1,S275,275,Perfobond Ribbon,20,1478.28,83.82,175,412.7,14092.5,6.58,236.1,60.8
33740,0.32,21.6,0.6,84.7,S355,355,Headed Stud,19,1237.488,66.75,115,322.5,6184.3,6.37,167.2,41.6
39254,0.44,9.5,4.1,34.9,S275,275,Headed Stud,19,1493.52,81.08,190,264.5,15401.1,7.47,234,68.9
35066,0.33,20.8,26.6,44,S460,460,Headed Stud,22,1277.112,69.19,143,229.5,9063.3,5.94,245.9,47.3
29670,0.39,27.4,24.1,52.1,S355,355,Angle Connector,20,1786.128,98.15,196,162.4,8276,8.69,139.2,27.1
30435,0.45,8,19.7,34.7,S275,275,Headed Stud,19,1286.256,68.28,137,201.5,5675.2,6.71,130.9,29.5
32335,0.36,33.2,7.3,81.8,S355,355,Headed Stud,16,1216.152,69.19,113,213.7,5305.2,5.88,110.2,36.1
34522,0.38,1.6,48.1,78.7,S275,275,Headed Stud,16,1764.792,101.8,151,169.4,8710.9,7.47,125.7,44.9
39340,0.52,1.1,8.3,80.9,S355,355,Headed Stud,19,1938.528,102.41,125,210.4,11180.6,8.63,240.3,69.4
33520,0.54,35.6,22.2,7.4,S355,355,Headed Stud,19,1338.072,67.36,181,125.2,9414,6.8,164.8,40.7
37064,0.44,2.6,26.5,60.6,S355,355,Headed Stud,22,1810.512,101.8,197,223.6,12775,8.72,276,56.9
29371,0.47,40.5,28.3,22.4,S460,460,Perfobond Ribbon,20,1484.376,76.81,155,87.1,6758.8,6.86,139.1,26.2
35374,0.48,39.9,46.4,2.5,S355,355,Headed Stud,16,1277.112,66.45,118,56.7,8081.3,6.13,133.3,48.7
37527,0.36,36.5,34.6,66.1,S690,690,Headed Stud,19,1944.624,113.08,178,85.7,13463,9.33,213.6,59.3
36242,0.43,17.8,24.4,98.3,S460,460,Angle Connector,20,1243.584,69.19,157,167,11353.9,5.61,218.9,52.8
37374,0.5,28.7,18.8,33.3,S690,690,Perfobond Ribbon,20,1374.648,84.43,153,131.9,11444,6.8,234.9,58.5
36709,0.4,38.6,5.2,51.5,S275,275,Headed Stud,19,1743.456,109.42,139,183.8,10500.8,8.84,207.9,55.1
35888,0.47,28.3,31.7,73.7,S460,460,Headed Stud,19,1539.24,89.31,108,112.5,8481.3,8.26,194.6,51.1
39925,0.5,38.2,25.8,52.9,S355,355,Perfobond Ribbon,20,1121.664,62.18,167,86.8,14589.1,5.43,269.8,72.9
31981,0.33,1.9,9.1,70.8,S355,355,Headed Stud,16,1935.48,105.16,186,350.4,8127,9.08,106.7,34.8
38395,0.44,22.9,0.7,18.5,S690,690,Perfobond Ribbon,20,1234.44,70.1,109,244,9286.4,5.67,250.1,64
41222,0.51,26.2,44.9,88.9,S275,275,Headed Stud,19,1539.24,89,105,75.5,9731.3,6.92,262.6,81.1
34774,0.34,18.1,27.3,15.7,S275,275,Headed Stud,19,1908.048,109.73,180,204.5,9610.6,8.69,183,46
40696,0.45,6.7,40.4,92.4,S460,460,Headed Stud,19,1472.184,81.38,101,138.1,9928.2,6.55,250.6,77.7
38521,0.47,44.3,26.2,77.1,S355,355,Headed Stud,19,1624.584,96.93,195,76.2,14639.4,8.35,221.8,64.7
38926,0.45,0.5,49.9,89.1,S275,275,Headed Stud,16,1682.496,96.01,196,128.7,14714.4,7.83,170,67
37583,0.5,34.7,25.5,5.2,S460,460,Perfobond Ribbon,20,1493.52,79.86,188,108.4,13862.3,7.16,232.3,59.6
39492,0.47,0.7,27.9,33.4,S460,460,Headed Stud,16,1456.944,80.77,112,211.3,9671.4,6.83,170.1,70.3
38751,0.29,29.7,2.1,52.1,S355,355,Headed Stud,19,1420.368,91.74,169,268.8,14561.6,7.1,224.5,66
33346,0.31,18.9,6.1,75.8,S355,355,Headed Stud,19,1615.44,94.49,132,284.5,6718.8,8.38,166.1,40
33982,0.36,12.6,14.5,71.9,S355,355,Headed Stud,19,1551.432,92.66,182,258.1,9327.6,7.71,175.7,42.6
35526,0.37,4.5,23.9,24.4,S275,275,Headed Stud,19,1645.92,89,108,253.1,7834.2,7.77,191.8,49.4
41524,0.39,18.2,32.4,86.5,S690,690,Perfobond Ribbon,20,1661.16,93.88,146,175,12446.7,8.17,301.7,83.1
40522,0.36,32.6,38.7,3.2,S355,355,Headed Stud,19,944.88,53.95,155,107.4,12389.6,4.85,244.6,76.6
35461,0.35,17.5,41.3,29.6,S275,275,Perfobond Ribbon,20,1289.304,74.68,149,169.6,10145.3,6.07,214.4,49.1
31815,0.34,26.2,8.7,90.2,S355,355,Perfobond Ribbon,20,1155.192,75.29,102,227.8,5202.5,5.49,162.6,34.2
33934,0.42,42,27.3,82.1,S355,355,Headed Stud,19,1566.672,87.48,112,96.5,6121.9,7.47,173.7,42.4
41023,0.4,24.7,37.4,16.7,S355,355,Headed Stud,19,1536.192,79.86,150,139.9,12296.3,7.32,250.9,79.8
41434,0.31,15.1,13,89.2,S355,355,Headed Stud,16,1350.264,76.5,135,300.6,11943.5,6.64,185.3,82.5
38521,0.36,10.6,16,38.9,S460,460,Headed Stud,19,1953.768,113.39,161,247.6,13185.1,9.42,228.8,64.7
34954,0.51,41.9,21.2,2.6,S690,690,Headed Stud,19,1627.632,96.93,115,99.9,7149.6,7.83,183,46.8
31731,0.52,37.2,17.1,42.7,S460,460,Headed Stud,19,1075.944,67.67,155,122,7121.9,5.24,146.2,33.9
34476,0.49,18.8,33.7,95,S275,275,Headed Stud,19,1408.176,77.11,161,118.8,9084.4,6.77,181,44.7
32785,0.46,19.8,6.3,93.6,S355,355,Perfobond Ribbon,20,1225.296,68.28,145,197.7,7906.2,5.58,172.6,37.8
40331,0.38,22.8,9.9,76.5,S355,355,Headed Stud,19,1947.672,118.87,111,202.1,9616.4,9.27,245,75.4
41733,0.41,31.7,32.4,22.4,S460,460,Headed Stud,16,1207.008,64.62,187,130.6,18133.9,5.7,185.1,84.5
34637,0.4,30.9,10.1,19.5,S690,690,Headed Stud,22,1365.504,71.63,198,186.7,9671.6,6.55,232.9,45.4
38874,0.33,6.9,38.9,15,S690,690,Perfobond Ribbon,20,1682.496,99.97,170,210.9,14238.7,7.59,249.3,66.7
40282,0.42,7,19,25.7,S355,355,Headed Stud,19,1557.528,88.39,161,219.8,13792.2,7.68,247.4,75.1
29404,0.48,7.7,14.2,5.6,S355,355,Headed Stud,19,1499.616,82.3,156,213.8,6559,6.71,124.4,26.3
36056,0.3,41.9,7.1,92.3,S690,690,Headed Stud,19,2100.072,117.96,165,204.9,11362.1,10.36,188.8,51.9
40347,0.41,1,40.5,75.9,S355,355,Headed Stud,22,1267.968,68.88,199,187.6,16222.6,5.76,325,75.5
37103,0.51,13.6,49.2,92.8,S690,690,Headed Stud,16,1661.16,94.49,126,102,9856.2,7.99,149.4,57.1
29133,0.54,5.4,1.1,39.6,S690,690,Headed Stud,16,1737.36,105.16,127,209.7,5720.9,8.11,85.2,25.5
41599,0.32,29.8,40.9,88.9,S460,460,Headed Stud,22,1664.208,81.08,189,123.8,18152.6,7.96,359,83.6
40570,0.43,28.5,14.2,98.2,S355,355,Headed Stud,19,1703.832,95.4,105,181,9644,8.84,249.8,76.9
38160,0.32,42.1,15.8,68.6,S275,275,Headed Stud,16,990.6,54.56,178,145,14073.8,4.42,157,62.7
35374,0.45,35.8,1.2,72.6,S355,355,Headed Stud,22,1615.44,89,149,188.8,9691.9,7.65,251.9,48.7
39220,0.5,0.6,25.5,39.7,S355,355,Headed Stud,22,1490.472,68.58,163,188.7,13408.3,7.07,313.5,68.7
33934,0.41,35.2,49.2,88.4,S275,275,Perfobond Ribbon,20,1679.448,97.54,152,36.8,8559.6,8.17,188.1,42.4
38123,0.44,29.4,13.9,49.7,S355,355,Perfobond Ribbon,20,1450.848,82.91,165,158.2,13056.3,7.5,239.8,62.5
39357,0.5,42.4,16.3,22.8,S460,460,Perfobond Ribbon,20,1883.664,103.63,107,116.6,9798,8.17,262.8,69.5
37920,0.36,1.2,31.2,4.2,S275,275,Headed Stud,16,1414.272,66.45,154,243.2,11564.5,6.74,148,61.4
29167,0.43,29.3,7.6,42.2,S355,355,Headed Stud,16,1859.28,94.18,194,194,8087.2,8.99,84.3,25.6
29167,0.54,31.3,13.8,15.2,S690,690,Headed Stud,19,1267.968,84.12,132,137.6,5963.3,6.25,122,25.6
34336,0.37,10.7,9.5,33.9,S690,690,Headed Stud,19,1277.112,70.1,169,268.9,9340.8,5.82,177.2,44.1
39441,0.35,42.7,35.1,67.1,S460,460,Headed Stud,16,1441.704,79.86,188,62.7,15262.8,7.01,170.5,70
38751,0.44,37.4,39.4,77.8,S355,355,Perfobond Ribbon,20,1185.672,60.96,141,63.9,11678.4,5.55,253.9,66
41176,0.53,38.2,38.4,50.5,S355,355,Headed Stud,19,1014.984,56.69,112,70.6,10130.5,4.88,257.8,80.8
39203,0.3,29.4,45.8,53.1,S275,275,Perfobond Ribbon,20,1572.768,80.16,171,118.8,14449.6,7.47,253.5,68.6
40218,0.42,30.8,12.6,40.4,S355,355,Headed Stud,16,1487.424,89.31,118,177.6,10344.7,7.38,175.5,74.7
41659,0.42,12.4,29.4,32.6,S355,355,Headed Stud,16,1578.864,90.22,182,169.3,17700.5,6.98,185.2,84
35242,0.4,11.9,36.6,9,S355,355,Headed Stud,19,1962.912,118.87,124,185,7646.3,9.2,183.5,48.1
38857,0.34,17.2,23.1,49.5,S355,355,Headed Stud,16,1633.728,98.76,144,214.3,11877.8,7.35,159.7,66.6
38160,0.28,15.5,7.2,60.7,S275,275,Headed Stud,16,1743.456,100.58,194,326.6,14883.9,9.39,157,62.7
29438,0.32,15.9,15.3,89.2,S355,355,Perfobond Ribbon,20,1222.248,72.24,134,280.3,5561,5.73,141.3,26.4
36014,0.45,31.3,45,84.7,S275,275,Headed Stud,19,1597.152,91.74,139,52.9,10470.1,7.86,189.8,51.7
37790,0.54,39.1,25.9,62.5,S355,355,Headed Stud,16,1225.296,74.98,188,73,13656.4,5.46,148.7,60.7
29898,0.33,44,37.2,45.4,S355,355,Headed Stud,19,1365.504,77.42,192,90.7,8135,6.37,129.4,27.8
35176,0.43,39.2,19.4,16.5,S275,275,Headed Stud,16,1901.952,97.54,110,128,7064.2,8.99,136.1,47.8
41344,0.29,22.1,25,41.2,S690,690,Headed Stud,16,978.408,56.39,145,227.2,12381.5,4.57,181.9,81.9
39031,0.51,37.9,4.2,62.3,S355,355,Headed Stud,19,1322.832,77.11,163,134.1,13407.6,6.19,229,67.6
37431,0.34,9.8,28.2,16.3,S690,690,Perfobond Ribbon,20,1405.128,81.38,112,246.4,9196.7,6.8,238.1,58.8
39859,0.52,18,39.2,25.6,S355,355,Headed Stud,16,1633.728,96.62,120,126.6,10652.8,8.26,171.2,72.5
40617,0.53,7.2,6.7,70.4,S355,355,Perfobond Ribbon,20,1225.296,76.2,176,196.8,16074.5,5.97,277.1,77.2
36927,0.42,17.9,15.8,92.9,S460,460,Headed Stud,16,1274.064,69.19,197,200.5,12709.4,5.52,144.4,56.2
39576,0.32,41.1,23.5,58.8,S355,355,Headed Stud,19,1947.672,103.63,125,124.3,11146.6,8.78,234.1,70.8
31332,0.53,18.7,33.9,40.5,S355,355,Headed Stud,22,1072.896,53.64,176,116.5,7714.7,5,187.2,32.5
40395,0.5,36.4,15.5,30.2,S355,355,Headed Stud,19,1271.016,83.21,186,135.1,15874.1,6,244.8,75.8
36406,0.48,9.9,3.3,65.7,S355,355,Headed Stud,19,1453.896,77.11,183,212.1,11966.2,6.58,200.2,53.6
41792,0.52,15.4,39.1,9.4,S275,275,Perfobond Ribbon,20,1060.704,57.3,169,132.4,16384.1,5.3,291,84.9
32009,0.49,36.1,40.3,53.7,S355,355,Headed Stud,19,1045.464,54.25,136,63.8,6023.5,5.03,154.8,34.9
39859,0.52,11.7,11,75,S275,275,Headed Stud,19,1856.232,103.63,191,180.2,15967.2,7.99,236.2,72.5
34030,0.5,36.5,37.3,21.8,S355,355,Headed Stud,16,1478.28,76.81,156,73.8,9028.9,6.83,118.7,42.8
38449,0.32,10.3,35.8,27.3,S355,355,Headed Stud,19,1405.128,78.94,162,237.8,13056.5,5.94,225.2,64.3
36345,0.36,29.4,24.4,5.3,S355,355,Headed Stud,19,2033.016,120.09,150,174.9,10926.7,9.97,198.5,53.3
30921,0.34,28.2,33.8,55.4,S355,355,Headed Stud,19,1496.568,76.81,195,163.8,8047.7,7.32,139.3,31.1
36887,0.35,39.9,34.1,83.9,S355,355,Headed Stud,19,1453.896,85.95,153,72.2,11023.1,7.22,203.7,56
38698,0.53,18.2,5.3,76.4,S355,355,Headed Stud,19,954.024,50.9,122,180.2,10472,4.36,227.9,65.7
35088,0.28,17.6,36.5,39.3,S355,355,Headed Stud,19,1905,104.85,121,221.5,7399.1,9.39,178.1,47.4
37508,0.5,18.8,30.7,68.7,S460,460,Headed Stud,16,1548.384,97.54,107,118.1,9532.8,7.16,152.3,59.2
38413,0.36,3.3,46,84.5,S460,460,Headed Stud,19,1728.216,95.1,103,168.6,9312.4,8.72,216.1,64.1
41419,0.42,40.5,35.8,4.3,S355,355,Perfobond Ribbon,20,1645.92,97.84,172,98.6,16699.5,7.65,288.6,82.4
29438,0.38,37,7.4,15.9,S460,460,Headed Stud,19,1554.48,102.11,198,190.6,8331.5,7.99,123.4,26.4
36927,0.51,42.2,31.1,47,S460,460,Perfobond Ribbon,20,1658.112,85.04,117,62.5,9773.9,7.44,223.3,56.2
34932,0.31,5.3,14.2,54.4,S355,355,Headed Stud,19,1901.952,92.05,109,345.3,6817.2,8.63,177.9,46.7
32227,0.43,39.4,14,62.1,S355,355,Headed Stud,19,1758.696,97.84,130,151.6,5801.7,7.89,152.5,35.7
36263,0.39,33.1,31.4,96.7,S355,355,Perfobond Ribbon,20,1673.352,88.09,182,127,11779.6,7.83,215.2,52.9
35374,0.35,12.7,18.8,46.2,S460,460,Headed Stud,19,1880.616,117.65,178,259,10132.3,8.47,181.8,48.7
38305,0.41,6.1,38.2,0.6,S355,355,Headed Stud,16,1566.672,86.87,139,206.4,11177.1,7.28,154.2,63.5
34360,0.3,41,45.5,20.5,S355,355,Headed Stud,19,1770.888,95.1,120,80.3,6972.7,8.81,175.7,44.2
38086,0.44,40.3,49.6,49.5,S355,355,Headed Stud,22,1487.424,79.55,120,21.4,9756.4,7.01,297.1,62.3
32389,0.41,38.9,28.5,89.9,S355,355,Headed Stud,19,1277.112,62.18,152,87.8,7365.8,6.13,151.3,36.3
33886,0.29,39.6,32.4,38,S460,460,Headed Stud,16,1103.376,56.08,118,134.4,6507.6,5.33,117.6,42.2
39676,0.37,9.9,23.9,73.3,S355,355,Perfobond Ribbon,20,1783.08,91.44,168,223.5,14980.4,8.69,267,71.4
36669,0.42,35,2.4,60.3,S355,355,Headed Stud,22,1344.168,70.1,190,205.1,12435.1,6.46,274.6,54.9
31476,0.41,24.6,40.1,33.5,S460,460,Headed Stud,19,1734.312,112.47,141,119.6,6509.9,8.47,147.4,33
37316,0.45,0.2,41.6,25.1,S355,355,Headed Stud,16,1328.928,66.45,184,189.7,13342.8,6.55,150.7,58.2
40727,0.39,5.7,2.2,89.5,S355,355,Headed Stud,22,1597.152,85.95,125,280.2,11353.6,7.35,333.5,77.9
41599,0.34,0.5,44.7,68.6,S355,355,Headed Stud,19,2017.776,99.06,197,214.5,17978.9,9.85,263.4,83.6
31981,0.45,5.6,45.7,28.5,S275,275,Headed Stud,19,2008.632,116.13,104,157.9,5115.3,9.33,152.1,34.8
30248,0.37,4.1,22.8,53.7,S460,460,Headed Stud,16,1536.192,82.91,108,236.9,5051.3,7.25,95.9,28.9
29371,0.55,22.3,41.4,38.3,S355,355,Headed Stud,22,1688.592,92.05,142,102.7,6294.2,7.77,172,26.2
37142,0.46,12,19.2,55.3,S460,460,Headed Stud,19,1682.496,88.39,149,207.2,11144.3,8.14,210.7,57.3
36669,0.29,8,32.1,69.9,S460,460,Headed Stud,16,1874.52,113.39,200,279.3,12451,9.17,144,54.9
34219,0.52,21.3,47.2,89.8,S355,355,Perfobond Ribbon,20,1167.384,70.1,156,80.4,8709.1,5.46,192.7,43.6
41374,0.31,9.6,7,13.4,S460,460,Perfobond Ribbon,20,1237.488,71.32,156,328.5,12738.2,5.88,291.8,82.1
38909,0.33,34.5,18.1,91.3,S355,355,Headed Stud,22,1780.032,101.19,175,197.1,14532.8,7.99,311.2,66.9
40314,0.54,13.8,5.7,74.3,S460,460,Headed Stud,19,1871.472,110.03,168,176,15105.3,8.96,245.5,75.3
41434,0.45,38.3,11.4,15.9,S460,460,Headed Stud,19,1661.16,91.14,184,157.4,17425.4,8.35,256.7,82.5
29735,0.33,10.7,46.6,70.6,S355,355,Headed Stud,19,1670.304,98.45,122,173.6,5298.1,8.75,126.1,27.3
34499,0.51,42,46,80.1,S355,355,Headed Stud,16,1581.912,88.7,170,30.7,9247,7.89,126.9,44.8
37920,0.46,31.6,11.6,21.9,S355,355,Headed Stud,16,1600.2,86.56,135,160,10606.6,8.47,152.2,61.4
41115,0.36,41,8.2,55,S275,275,Headed Stud,19,1438.656,81.69,168,175,15211.3,6.95,252.8,80.4
36201,0.39,21.8,13.4,14.4,S690,690,Headed Stud,19,1850.136,114.3,122,237.4,9131.7,8.14,190.9,52.6
39593,0.41,1.8,21.6,76,S355,355,Headed Stud,19,1344.168,83.82,116,244,10192.9,6.34,238.9,70.9
33445,0.32,32.3,14.4,7,S355,355,Headed Stud,19,1676.4,99.06,142,210.3,8510.7,7.56,167.2,40.4
41374,0.34,1.4,30.3,32.1,S460,460,Headed Stud,19,1545.336,81.08,103,243.8,9750.7,6.89,260,82.1
30650,0.33,42.9,34.4,47.6,S460,460,Headed Stud,19,1773.936,93.57,165,99.6,7352.7,8.84,136.9,30.2
29133,0.43,29.1,23.1,21.4,S355,355,Headed Stud,19,1895.856,91.74,133,165.4,5637.5,8.96,121.8,25.5
39117,0.48,9.6,16.1,17.8,S690,690,Angle Connector,20,1557.528,89,193,209.7,15117.4,7.47,257.2,68.1
39892,0.39,41.9,21.6,39.9,S690,690,Headed Stud,16,1990.344,121.62,136,107.6,11559.6,9.2,171.5,72.7
40088,0.44,43,28,75.8,S275,275,Headed Stud,19,1944.624,101.19,188,94.5,15588.9,9.2,233.5,73.9
34125,0.28,26.1,14.9,23.3,S460,460,Headed Stud,16,1783.08,96.93,186,272.5,9389.4,9.08,122.3,43.2
34705,0.47,44,22.9,88.5,S275,275,Headed Stud,16,1545.336,80.47,182,99,9535.7,8.23,125.6,45.7
34219,0.36,43.6,15.1,66,S460,460,Headed Stud,19,1706.88,94.49,120,122.9,6807.6,8.44,175.6,43.6
33119,0.31,26.6,11.3,34.6,S355,355,Headed Stud,19,1411.224,67.67,173,239.1,8703.2,6.83,162.7,39.1
41146,0.41,42.9,11.5,48.6,S355,355,Headed Stud,19,1441.704,84.73,124,130.6,11304.5,7.22,254.9,80.6
40945,0.52,38.9,40.3,81.7,S355,355,Headed Stud,19,1789.176,102.72,145,42.9,12049.2,8.81,255.7,79.3
32416,0.3,38.9,45.7,18.3,S275,275,Headed Stud,19,1063.752,58.52,137,69.6,6335.9,5.21,150.3,36.4
40202,0.4,32.3,27.5,7.1,S355,355,Headed Stud,22,2045.208,119.79,130,146.1,11662.5,9.3,324.6,74.6
35176,0.41,19.3,43.4,42.3,S460,460,Perfobond Ribbon,20,1249.68,76.2,179,123.3,9773.5,6.34,200.9,47.8
36324,0.34,1.6,32.6,66.4,S355,355,Angle Connector,20,1996.44,108.51,157,227.2,11186.7,10.06,219.3,53.2
36487,0.41,35.9,46.2,55.5,S355,355,Headed Stud,19,1563.624,87.48,173,75,11661.8,7.41,198.6,54
32654,0.42,23.7,22.9,86.4,S355,355,Headed Stud,19,1429.512,88.7,197,158.7,9051.1,6.95,163,37.3
31954,0.44,41.9,42,91.5,S275,275,Headed Stud,22,1511.808,80.16,189,42.1,8232.2,7.28,201.5,34.7
41007,0.44,25.7,8.4,66.6,S275,275,Headed Stud,22,1475.232,86.87,159,193.1,14264.6,7.1,336.5,79.7
36528,0.36,37.3,4.8,94.5,S690,690,Headed Stud,19,1749.552,105.16,166,205.9,11633.6,8.44,202.1,54.2
34219,0.46,18.2,6.6,61.2,S275,275,Headed Stud,19,1594.104,92.96,137,214.6,8104.2,7.47,176,43.6
38698,0.42,24.7,2.1,45.2,S355,355,Angle Connector,20,1594.104,95.71,143,233.5,11622.2,7.77,253.9,65.7
36669,0.53,6.8,8.5,50.3,S275,275,Headed Stud,19,1249.68,64.92,192,220.1,12008.5,6.58,201.8,54.9
